-- phpMyAdmin SQL Dump
-- version 4.8.2
-- https://www.phpmyadmin.net/
--
-- Host: 127.0.0.1
-- Generation Time: Jul 07, 2019 at 11:22 PM
-- Server version: 10.1.34-MariaDB
-- PHP Version: 7.2.8

SET SQL_MODE = "NO_AUTO_VALUE_ON_ZERO";
SET AUTOCOMMIT = 0;
START TRANSACTION;
SET time_zone = "+00:00";


/*!40101 SET @OLD_CHARACTER_SET_CLIENT=@@CHARACTER_SET_CLIENT */;
/*!40101 SET @OLD_CHARACTER_SET_RESULTS=@@CHARACTER_SET_RESULTS */;
/*!40101 SET @OLD_COLLATION_CONNECTION=@@COLLATION_CONNECTION */;
/*!40101 SET NAMES utf8mb4 */;

--
-- Database: `records`
--

-- --------------------------------------------------------

--
-- Table structure for table `arrivals`
--

CREATE TABLE `arrivals` (
  `id` int(11) NOT NULL,
  `car_model_id` int(10) NOT NULL,
  `car_number` varchar(50) NOT NULL,
  `manufac_year` year(4) NOT NULL,
  `customer_id` int(10) NOT NULL,
  `in_date` datetime DEFAULT NULL,
  `created_at` datetime DEFAULT NULL,
  `updated_at` datetime DEFAULT NULL,
  `created_by` int(10) NOT NULL,
  `updated_by` int(10) DEFAULT NULL,
  `deleted` tinyint(4) NOT NULL DEFAULT '0',
  `deleted_time` datetime DEFAULT NULL,
  `deleted_by` int(10) DEFAULT NULL
) ENGINE=InnoDB DEFAULT CHARSET=latin1;

--
-- Dumping data for table `arrivals`
--

INSERT INTO `arrivals` (`id`, `car_model_id`, `car_number`, `manufac_year`, `customer_id`, `in_date`, `created_at`, `updated_at`, `created_by`, `updated_by`, `deleted`, `deleted_time`, `deleted_by`) VALUES
(1, 155, 'gh09q09', 1990, 1, NULL, '2019-02-09 20:47:06', '2019-02-09 20:47:06', 1, NULL, 0, NULL, NULL),
(2, 34, 'GX-989-19', 2010, 1, '2019-02-01 19:26:00', '2019-02-09 23:26:42', '2019-02-09 23:26:42', 1, NULL, 0, NULL, NULL),
(3, 419, '11513', 2005, 1, '2019-02-10 18:31:00', '2019-02-10 18:31:22', '2019-02-10 18:31:22', 1, NULL, 0, NULL, NULL),
(4, 1131, 'GX-8998-19', 2001, 1, '2019-02-10 18:45:00', '2019-02-10 18:47:05', '2019-02-10 18:47:05', 19, NULL, 0, NULL, NULL),
(5, 519, 'GT-9898-17', 2016, 1, '2019-02-11 12:17:00', '2019-02-11 12:20:31', '2019-02-11 12:20:31', 1, NULL, 0, NULL, NULL);

-- --------------------------------------------------------

--
-- Table structure for table `arrival_services`
--

CREATE TABLE `arrival_services` (
  `id` int(10) NOT NULL,
  `arrival_id` int(10) NOT NULL,
  `service_id` int(10) NOT NULL,
  `created_at` datetime NOT NULL,
  `updated_at` datetime NOT NULL,
  `created_by` int(10) DEFAULT NULL,
  `updated_by` int(10) DEFAULT NULL,
  `deleted` tinyint(4) NOT NULL DEFAULT '0'
) ENGINE=InnoDB DEFAULT CHARSET=latin1;

--
-- Dumping data for table `arrival_services`
--

INSERT INTO `arrival_services` (`id`, `arrival_id`, `service_id`, `created_at`, `updated_at`, `created_by`, `updated_by`, `deleted`) VALUES
(1, 2, 2, '2019-02-10 18:02:15', '2019-02-10 18:02:15', NULL, NULL, 0),
(2, 2, 3, '2019-02-10 18:30:05', '2019-02-10 18:30:05', NULL, NULL, 0),
(3, 1, 5, '2019-02-10 18:30:28', '2019-02-10 18:30:28', NULL, NULL, 0),
(4, 4, 6, '2019-02-10 18:49:25', '2019-02-10 18:49:25', NULL, NULL, 0),
(5, 4, 2, '2019-02-10 18:49:54', '2019-02-10 18:49:54', NULL, NULL, 0),
(6, 1, 1, '2019-02-10 18:51:32', '2019-02-10 18:51:32', NULL, NULL, 0),
(7, 4, 10, '2019-02-11 12:15:42', '2019-02-11 12:15:42', NULL, NULL, 0),
(8, 5, 1, '2019-02-11 12:21:02', '2019-02-11 12:21:02', NULL, NULL, 0),
(9, 5, 8, '2019-02-11 12:21:21', '2019-02-11 12:21:21', NULL, NULL, 0),
(10, 5, 10, '2019-02-11 12:21:30', '2019-02-11 12:21:30', NULL, NULL, 0),
(11, 5, 13, '2019-02-11 12:21:39', '2019-02-11 12:21:39', NULL, NULL, 0),
(12, 5, 14, '2019-02-11 12:21:54', '2019-02-11 12:21:54', NULL, NULL, 0),
(13, 5, 1, '2019-02-11 12:22:03', '2019-02-11 12:22:03', NULL, NULL, 0),
(14, 5, 9, '2019-02-11 12:22:31', '2019-02-11 12:22:31', NULL, NULL, 0);

-- --------------------------------------------------------

--
-- Table structure for table `car_brands`
--

CREATE TABLE `car_brands` (
  `id` int(10) NOT NULL,
  `name` varchar(100) NOT NULL,
  `created_at` datetime DEFAULT NULL,
  `updated_at` datetime DEFAULT NULL
) ENGINE=InnoDB DEFAULT CHARSET=latin1;

--
-- Dumping data for table `car_brands`
--

INSERT INTO `car_brands` (`id`, `name`, `created_at`, `updated_at`) VALUES
(1, 'Acura', '2019-02-09 10:48:14', '2019-02-09 10:48:14'),
(2, 'Alfa Romeo', '2019-02-09 10:48:15', '2019-02-09 10:48:15'),
(3, 'AMC', '2019-02-09 10:48:15', '2019-02-09 10:48:15'),
(4, 'Aston Martin', '2019-02-09 10:48:16', '2019-02-09 10:48:16'),
(5, 'Audi', '2019-02-09 10:48:17', '2019-02-09 10:48:17'),
(6, 'Avanti', '2019-02-09 10:48:20', '2019-02-09 10:48:20'),
(7, 'Bentley', '2019-02-09 10:48:20', '2019-02-09 10:48:20'),
(8, 'BMW', '2019-02-09 10:48:21', '2019-02-09 10:48:21'),
(9, 'Buick', '2019-02-09 10:48:27', '2019-02-09 10:48:27'),
(10, 'Cadillac', '2019-02-09 10:48:28', '2019-02-09 10:48:28'),
(11, 'Chevrolet', '2019-02-09 10:48:30', '2019-02-09 10:48:30'),
(12, 'Chrysler', '2019-02-09 10:48:33', '2019-02-09 10:48:33'),
(13, 'Daewoo', '2019-02-09 10:48:35', '2019-02-09 10:48:35'),
(14, 'Daihatsu', '2019-02-09 10:48:36', '2019-02-09 10:48:36'),
(15, 'Datsun', '2019-02-09 10:48:37', '2019-02-09 10:48:37'),
(16, 'DeLorean', '2019-02-09 10:48:40', '2019-02-09 10:48:40'),
(17, 'Dodge', '2019-02-09 10:48:40', '2019-02-09 10:48:40'),
(18, 'Eagle', '2019-02-09 10:48:48', '2019-02-09 10:48:48'),
(19, 'Ferrari', '2019-02-09 10:48:48', '2019-02-09 10:48:48'),
(20, 'FIAT', '2019-02-09 10:48:50', '2019-02-09 10:48:50'),
(21, 'Fisker', '2019-02-09 10:48:51', '2019-02-09 10:48:51'),
(22, 'Ford', '2019-02-09 10:48:51', '2019-02-09 10:48:51'),
(23, 'Freightliner', '2019-02-09 10:48:53', '2019-02-09 10:48:53'),
(24, 'Geo', '2019-02-09 10:48:53', '2019-02-09 10:48:53'),
(25, 'GMC', '2019-02-09 10:48:54', '2019-02-09 10:48:54'),
(26, 'Honda', '2019-02-09 10:48:56', '2019-02-09 10:48:56'),
(27, 'HUMMER', '2019-02-09 10:48:58', '2019-02-09 10:48:58'),
(28, 'Hyundai', '2019-02-09 10:48:59', '2019-02-09 10:48:59'),
(29, 'Infiniti', '2019-02-09 10:49:00', '2019-02-09 10:49:00'),
(30, 'Isuzu', '2019-02-09 10:49:02', '2019-02-09 10:49:02'),
(31, 'Jaguar', '2019-02-09 10:49:03', '2019-02-09 10:49:03'),
(32, 'Jeep', '2019-02-09 10:49:04', '2019-02-09 10:49:04'),
(33, 'Kia', '2019-02-09 10:49:04', '2019-02-09 10:49:04'),
(34, 'Lamborghini', '2019-02-09 10:49:05', '2019-02-09 10:49:05'),
(35, 'Lancia', '2019-02-09 10:49:06', '2019-02-09 10:49:06'),
(36, 'Land Rover', '2019-02-09 10:49:06', '2019-02-09 10:49:06'),
(37, 'Lexus', '2019-02-09 10:49:06', '2019-02-09 10:49:06'),
(38, 'Lincoln', '2019-02-09 10:49:09', '2019-02-09 10:49:09'),
(39, 'Lotus', '2019-02-09 10:49:10', '2019-02-09 10:49:10'),
(40, 'Maserati', '2019-02-09 10:49:10', '2019-02-09 10:49:10'),
(41, 'Maybach', '2019-02-09 10:49:10', '2019-02-09 10:49:10'),
(42, 'Mazda', '2019-02-09 10:49:10', '2019-02-09 10:49:10'),
(43, 'McLaren', '2019-02-09 10:49:12', '2019-02-09 10:49:12'),
(44, 'Mercedes-Benz', '2019-02-09 10:49:12', '2019-02-09 10:49:12'),
(45, 'Mercury', '2019-02-09 10:49:20', '2019-02-09 10:49:20'),
(46, 'Merkur', '2019-02-09 10:49:21', '2019-02-09 10:49:21'),
(47, 'MINI', '2019-02-09 10:49:21', '2019-02-09 10:49:21'),
(48, 'Mitsubishi', '2019-02-09 10:49:22', '2019-02-09 10:49:22'),
(49, 'Nissan', '2019-02-09 10:49:23', '2019-02-09 10:49:23'),
(50, 'Oldsmobile', '2019-02-09 10:49:25', '2019-02-09 10:49:25'),
(51, 'Peugeot', '2019-02-09 10:49:26', '2019-02-09 10:49:26'),
(52, 'Plymouth', '2019-02-09 10:49:26', '2019-02-09 10:49:26'),
(53, 'Pontiac', '2019-02-09 10:49:27', '2019-02-09 10:49:27'),
(54, 'Porsche', '2019-02-09 10:49:28', '2019-02-09 10:49:28'),
(55, 'RAM', '2019-02-09 10:49:29', '2019-02-09 10:49:29'),
(56, 'Renault', '2019-02-09 10:49:29', '2019-02-09 10:49:29'),
(57, 'Rolls-Royce', '2019-02-09 10:49:29', '2019-02-09 10:49:29'),
(58, 'Saab', '2019-02-09 10:49:30', '2019-02-09 10:49:30'),
(59, 'Saturn', '2019-02-09 10:49:30', '2019-02-09 10:49:30'),
(60, 'Scion', '2019-02-09 10:49:31', '2019-02-09 10:49:31'),
(61, 'smart', '2019-02-09 10:49:32', '2019-02-09 10:49:32'),
(62, 'SRT', '2019-02-09 10:49:32', '2019-02-09 10:49:32'),
(63, 'Sterling', '2019-02-09 10:49:32', '2019-02-09 10:49:32'),
(64, 'Subaru', '2019-02-09 10:49:32', '2019-02-09 10:49:32'),
(65, 'Suzuki', '2019-02-09 10:49:32', '2019-02-09 10:49:32'),
(66, 'Tesla', '2019-02-09 10:49:33', '2019-02-09 10:49:33'),
(67, 'Toyota', '2019-02-09 10:49:33', '2019-02-09 10:49:33'),
(68, 'Triumph', '2019-02-09 10:49:35', '2019-02-09 10:49:35'),
(69, 'Volkswagen', '2019-02-09 10:49:35', '2019-02-09 10:49:35'),
(70, 'Volvo', '2019-02-09 10:49:36', '2019-02-09 10:49:36'),
(71, 'Yugo', '2019-02-09 10:49:37', '2019-02-09 10:49:37');

-- --------------------------------------------------------

--
-- Table structure for table `car_models`
--

CREATE TABLE `car_models` (
  `id` int(10) NOT NULL,
  `car_brand_id` int(10) NOT NULL,
  `model_name` varchar(100) NOT NULL,
  `created_at` datetime DEFAULT NULL,
  `updated_at` datetime DEFAULT NULL
) ENGINE=InnoDB DEFAULT CHARSET=latin1;

--
-- Dumping data for table `car_models`
--

INSERT INTO `car_models` (`id`, `car_brand_id`, `model_name`, `created_at`, `updated_at`) VALUES
(1, 1, '2.2CL', '2019-02-09 10:48:14', '2019-02-09 10:48:14'),
(2, 1, '2.3CL', '2019-02-09 10:48:14', '2019-02-09 10:48:14'),
(3, 1, '3.0CL', '2019-02-09 10:48:14', '2019-02-09 10:48:14'),
(4, 1, '3.2CL', '2019-02-09 10:48:14', '2019-02-09 10:48:14'),
(5, 1, 'ILX', '2019-02-09 10:48:14', '2019-02-09 10:48:14'),
(6, 1, 'Integra', '2019-02-09 10:48:14', '2019-02-09 10:48:14'),
(7, 1, 'Legend', '2019-02-09 10:48:14', '2019-02-09 10:48:14'),
(8, 1, 'MDX', '2019-02-09 10:48:14', '2019-02-09 10:48:14'),
(9, 1, 'NSX', '2019-02-09 10:48:14', '2019-02-09 10:48:14'),
(10, 1, 'RDX', '2019-02-09 10:48:14', '2019-02-09 10:48:14'),
(11, 1, '3.5 RL', '2019-02-09 10:48:14', '2019-02-09 10:48:14'),
(12, 1, 'RL', '2019-02-09 10:48:14', '2019-02-09 10:48:14'),
(13, 1, 'RSX', '2019-02-09 10:48:15', '2019-02-09 10:48:15'),
(14, 1, 'SLX', '2019-02-09 10:48:15', '2019-02-09 10:48:15'),
(15, 1, '2.5TL', '2019-02-09 10:48:15', '2019-02-09 10:48:15'),
(16, 1, '3.2TL', '2019-02-09 10:48:15', '2019-02-09 10:48:15'),
(17, 1, 'TL', '2019-02-09 10:48:15', '2019-02-09 10:48:15'),
(18, 1, 'TSX', '2019-02-09 10:48:15', '2019-02-09 10:48:15'),
(19, 1, 'Vigor', '2019-02-09 10:48:15', '2019-02-09 10:48:15'),
(20, 1, 'ZDX', '2019-02-09 10:48:15', '2019-02-09 10:48:15'),
(21, 2, '164', '2019-02-09 10:48:15', '2019-02-09 10:48:15'),
(22, 2, '8C Competizione', '2019-02-09 10:48:15', '2019-02-09 10:48:15'),
(23, 2, 'GTV-6', '2019-02-09 10:48:15', '2019-02-09 10:48:15'),
(24, 2, 'Milano', '2019-02-09 10:48:15', '2019-02-09 10:48:15'),
(25, 2, 'Spider', '2019-02-09 10:48:15', '2019-02-09 10:48:15'),
(26, 3, 'Alliance', '2019-02-09 10:48:15', '2019-02-09 10:48:15'),
(27, 3, 'Concord', '2019-02-09 10:48:15', '2019-02-09 10:48:15'),
(28, 3, 'Eagle', '2019-02-09 10:48:16', '2019-02-09 10:48:16'),
(29, 3, 'Encore', '2019-02-09 10:48:16', '2019-02-09 10:48:16'),
(30, 3, 'Spirit', '2019-02-09 10:48:16', '2019-02-09 10:48:16'),
(31, 4, 'DB7', '2019-02-09 10:48:16', '2019-02-09 10:48:16'),
(32, 4, 'DB9', '2019-02-09 10:48:16', '2019-02-09 10:48:16'),
(33, 4, 'DBS', '2019-02-09 10:48:16', '2019-02-09 10:48:16'),
(34, 4, 'Lagonda', '2019-02-09 10:48:16', '2019-02-09 10:48:16'),
(35, 4, 'Rapide', '2019-02-09 10:48:16', '2019-02-09 10:48:16'),
(36, 4, 'V12 Vantage', '2019-02-09 10:48:17', '2019-02-09 10:48:17'),
(37, 4, 'V8 Vantage', '2019-02-09 10:48:17', '2019-02-09 10:48:17'),
(38, 4, 'Vanquish', '2019-02-09 10:48:17', '2019-02-09 10:48:17'),
(39, 4, 'Virage', '2019-02-09 10:48:17', '2019-02-09 10:48:17'),
(40, 5, '100', '2019-02-09 10:48:17', '2019-02-09 10:48:17'),
(41, 5, '200', '2019-02-09 10:48:17', '2019-02-09 10:48:17'),
(42, 5, '4000', '2019-02-09 10:48:17', '2019-02-09 10:48:17'),
(43, 5, '5000', '2019-02-09 10:48:17', '2019-02-09 10:48:17'),
(44, 5, '80', '2019-02-09 10:48:17', '2019-02-09 10:48:17'),
(45, 5, '90', '2019-02-09 10:48:17', '2019-02-09 10:48:17'),
(46, 5, 'A3', '2019-02-09 10:48:18', '2019-02-09 10:48:18'),
(47, 5, 'A4', '2019-02-09 10:48:18', '2019-02-09 10:48:18'),
(48, 5, 'A5', '2019-02-09 10:48:18', '2019-02-09 10:48:18'),
(49, 5, 'A6', '2019-02-09 10:48:18', '2019-02-09 10:48:18'),
(50, 5, 'A7', '2019-02-09 10:48:18', '2019-02-09 10:48:18'),
(51, 5, 'A8', '2019-02-09 10:48:18', '2019-02-09 10:48:18'),
(52, 5, 'allroad', '2019-02-09 10:48:18', '2019-02-09 10:48:18'),
(53, 5, 'Cabriolet', '2019-02-09 10:48:18', '2019-02-09 10:48:18'),
(54, 5, 'Coupe', '2019-02-09 10:48:18', '2019-02-09 10:48:18'),
(55, 5, 'Q3', '2019-02-09 10:48:18', '2019-02-09 10:48:18'),
(56, 5, 'Q5', '2019-02-09 10:48:18', '2019-02-09 10:48:18'),
(57, 5, 'Q7', '2019-02-09 10:48:18', '2019-02-09 10:48:18'),
(58, 5, 'Quattro', '2019-02-09 10:48:19', '2019-02-09 10:48:19'),
(59, 5, 'R8', '2019-02-09 10:48:19', '2019-02-09 10:48:19'),
(60, 5, 'RS 4', '2019-02-09 10:48:19', '2019-02-09 10:48:19'),
(61, 5, 'RS 5', '2019-02-09 10:48:19', '2019-02-09 10:48:19'),
(62, 5, 'RS 6', '2019-02-09 10:48:19', '2019-02-09 10:48:19'),
(63, 5, 'S4', '2019-02-09 10:48:19', '2019-02-09 10:48:19'),
(64, 5, 'S5', '2019-02-09 10:48:19', '2019-02-09 10:48:19'),
(65, 5, 'S6', '2019-02-09 10:48:19', '2019-02-09 10:48:19'),
(66, 5, 'S7', '2019-02-09 10:48:19', '2019-02-09 10:48:19'),
(67, 5, 'S8', '2019-02-09 10:48:19', '2019-02-09 10:48:19'),
(68, 5, 'TT', '2019-02-09 10:48:19', '2019-02-09 10:48:19'),
(69, 5, 'TT RS', '2019-02-09 10:48:20', '2019-02-09 10:48:20'),
(70, 5, 'TTS', '2019-02-09 10:48:20', '2019-02-09 10:48:20'),
(71, 5, 'V8 Quattro', '2019-02-09 10:48:20', '2019-02-09 10:48:20'),
(72, 6, 'Convertible', '2019-02-09 10:48:20', '2019-02-09 10:48:20'),
(73, 6, 'Coupe', '2019-02-09 10:48:20', '2019-02-09 10:48:20'),
(74, 6, 'Sedan', '2019-02-09 10:48:20', '2019-02-09 10:48:20'),
(75, 7, 'Arnage', '2019-02-09 10:48:20', '2019-02-09 10:48:20'),
(76, 7, 'Azure', '2019-02-09 10:48:20', '2019-02-09 10:48:20'),
(77, 7, 'Brooklands', '2019-02-09 10:48:20', '2019-02-09 10:48:20'),
(78, 7, 'Continental', '2019-02-09 10:48:21', '2019-02-09 10:48:21'),
(79, 7, 'Corniche', '2019-02-09 10:48:21', '2019-02-09 10:48:21'),
(80, 7, 'Eight', '2019-02-09 10:48:21', '2019-02-09 10:48:21'),
(81, 7, 'Mulsanne', '2019-02-09 10:48:21', '2019-02-09 10:48:21'),
(82, 7, 'Turbo R', '2019-02-09 10:48:21', '2019-02-09 10:48:21'),
(83, 8, '128i', '2019-02-09 10:48:21', '2019-02-09 10:48:21'),
(84, 8, '135i', '2019-02-09 10:48:21', '2019-02-09 10:48:21'),
(85, 8, '135is', '2019-02-09 10:48:21', '2019-02-09 10:48:21'),
(86, 8, '318i', '2019-02-09 10:48:21', '2019-02-09 10:48:21'),
(87, 8, '318iC', '2019-02-09 10:48:21', '2019-02-09 10:48:21'),
(88, 8, '318iS', '2019-02-09 10:48:21', '2019-02-09 10:48:21'),
(89, 8, '318ti', '2019-02-09 10:48:21', '2019-02-09 10:48:21'),
(90, 8, '320i', '2019-02-09 10:48:21', '2019-02-09 10:48:21'),
(91, 8, '323ci', '2019-02-09 10:48:22', '2019-02-09 10:48:22'),
(92, 8, '323i', '2019-02-09 10:48:22', '2019-02-09 10:48:22'),
(93, 8, '323is', '2019-02-09 10:48:22', '2019-02-09 10:48:22'),
(94, 8, '323iT', '2019-02-09 10:48:22', '2019-02-09 10:48:22'),
(95, 8, '325Ci', '2019-02-09 10:48:22', '2019-02-09 10:48:22'),
(96, 8, '325e', '2019-02-09 10:48:22', '2019-02-09 10:48:22'),
(97, 8, '325es', '2019-02-09 10:48:22', '2019-02-09 10:48:22'),
(98, 8, '325i', '2019-02-09 10:48:22', '2019-02-09 10:48:22'),
(99, 8, '325is', '2019-02-09 10:48:22', '2019-02-09 10:48:22'),
(100, 8, '325iX', '2019-02-09 10:48:22', '2019-02-09 10:48:22'),
(101, 8, '325xi', '2019-02-09 10:48:22', '2019-02-09 10:48:22'),
(102, 8, '328Ci', '2019-02-09 10:48:22', '2019-02-09 10:48:22'),
(103, 8, '328i', '2019-02-09 10:48:22', '2019-02-09 10:48:22'),
(104, 8, '328iS', '2019-02-09 10:48:22', '2019-02-09 10:48:22'),
(105, 8, '328xi', '2019-02-09 10:48:22', '2019-02-09 10:48:22'),
(106, 8, '330Ci', '2019-02-09 10:48:22', '2019-02-09 10:48:22'),
(107, 8, '330i', '2019-02-09 10:48:22', '2019-02-09 10:48:22'),
(108, 8, '330xi', '2019-02-09 10:48:22', '2019-02-09 10:48:22'),
(109, 8, '335d', '2019-02-09 10:48:23', '2019-02-09 10:48:23'),
(110, 8, '335i', '2019-02-09 10:48:23', '2019-02-09 10:48:23'),
(111, 8, '335is', '2019-02-09 10:48:23', '2019-02-09 10:48:23'),
(112, 8, '335xi', '2019-02-09 10:48:23', '2019-02-09 10:48:23'),
(113, 8, 'ActiveHybrid 3', '2019-02-09 10:48:23', '2019-02-09 10:48:23'),
(114, 8, '325', '2019-02-09 10:48:23', '2019-02-09 10:48:23'),
(115, 8, '524td', '2019-02-09 10:48:23', '2019-02-09 10:48:23'),
(116, 8, '525i', '2019-02-09 10:48:23', '2019-02-09 10:48:23'),
(117, 8, '525xi', '2019-02-09 10:48:23', '2019-02-09 10:48:23'),
(118, 8, '528e', '2019-02-09 10:48:23', '2019-02-09 10:48:23'),
(119, 8, '528i', '2019-02-09 10:48:23', '2019-02-09 10:48:23'),
(120, 8, '528iT', '2019-02-09 10:48:23', '2019-02-09 10:48:23'),
(121, 8, '528xi', '2019-02-09 10:48:23', '2019-02-09 10:48:23'),
(122, 8, '530i', '2019-02-09 10:48:24', '2019-02-09 10:48:24'),
(123, 8, '530iT', '2019-02-09 10:48:24', '2019-02-09 10:48:24'),
(124, 8, '530xi', '2019-02-09 10:48:24', '2019-02-09 10:48:24'),
(125, 8, '533i', '2019-02-09 10:48:24', '2019-02-09 10:48:24'),
(126, 8, '535i', '2019-02-09 10:48:24', '2019-02-09 10:48:24'),
(127, 8, '535i Gran Turismo', '2019-02-09 10:48:24', '2019-02-09 10:48:24'),
(128, 8, '535xi', '2019-02-09 10:48:24', '2019-02-09 10:48:24'),
(129, 8, '540i', '2019-02-09 10:48:24', '2019-02-09 10:48:24'),
(130, 8, '545i', '2019-02-09 10:48:24', '2019-02-09 10:48:24'),
(131, 8, '550i', '2019-02-09 10:48:24', '2019-02-09 10:48:24'),
(132, 8, '550i Gran Turismo', '2019-02-09 10:48:24', '2019-02-09 10:48:24'),
(133, 8, 'ActiveHybrid 5', '2019-02-09 10:48:24', '2019-02-09 10:48:24'),
(134, 8, '633CSi', '2019-02-09 10:48:24', '2019-02-09 10:48:24'),
(135, 8, '635CSi', '2019-02-09 10:48:24', '2019-02-09 10:48:24'),
(136, 8, '640i', '2019-02-09 10:48:24', '2019-02-09 10:48:24'),
(137, 8, '640i Gran Coupe', '2019-02-09 10:48:24', '2019-02-09 10:48:24'),
(138, 8, '645Ci', '2019-02-09 10:48:24', '2019-02-09 10:48:24'),
(139, 8, '650i', '2019-02-09 10:48:24', '2019-02-09 10:48:24'),
(140, 8, '650i Gran Coupe', '2019-02-09 10:48:25', '2019-02-09 10:48:25'),
(141, 8, 'L6', '2019-02-09 10:48:25', '2019-02-09 10:48:25'),
(142, 8, '733i', '2019-02-09 10:48:25', '2019-02-09 10:48:25'),
(143, 8, '735i', '2019-02-09 10:48:25', '2019-02-09 10:48:25'),
(144, 8, '735iL', '2019-02-09 10:48:25', '2019-02-09 10:48:25'),
(145, 8, '740i', '2019-02-09 10:48:25', '2019-02-09 10:48:25'),
(146, 8, '740iL', '2019-02-09 10:48:25', '2019-02-09 10:48:25'),
(147, 8, '740Li', '2019-02-09 10:48:25', '2019-02-09 10:48:25'),
(148, 8, '745i', '2019-02-09 10:48:25', '2019-02-09 10:48:25'),
(149, 8, '745Li', '2019-02-09 10:48:25', '2019-02-09 10:48:25'),
(150, 8, '750i', '2019-02-09 10:48:25', '2019-02-09 10:48:25'),
(151, 8, '750iL', '2019-02-09 10:48:25', '2019-02-09 10:48:25'),
(152, 8, '750Li', '2019-02-09 10:48:25', '2019-02-09 10:48:25'),
(153, 8, '760i', '2019-02-09 10:48:25', '2019-02-09 10:48:25'),
(154, 8, '760Li', '2019-02-09 10:48:26', '2019-02-09 10:48:26'),
(155, 8, 'ActiveHybrid 7', '2019-02-09 10:48:26', '2019-02-09 10:48:26'),
(156, 8, 'Alpina B7', '2019-02-09 10:48:26', '2019-02-09 10:48:26'),
(157, 8, '840Ci', '2019-02-09 10:48:26', '2019-02-09 10:48:26'),
(158, 8, '850Ci', '2019-02-09 10:48:26', '2019-02-09 10:48:26'),
(159, 8, '850CSi', '2019-02-09 10:48:26', '2019-02-09 10:48:26'),
(160, 8, '850i', '2019-02-09 10:48:26', '2019-02-09 10:48:26'),
(161, 8, 'L7', '2019-02-09 10:48:26', '2019-02-09 10:48:26'),
(162, 8, '1 Series M', '2019-02-09 10:48:26', '2019-02-09 10:48:26'),
(163, 8, 'M Coupe', '2019-02-09 10:48:26', '2019-02-09 10:48:26'),
(164, 8, 'M Roadster', '2019-02-09 10:48:26', '2019-02-09 10:48:26'),
(165, 8, 'M3', '2019-02-09 10:48:26', '2019-02-09 10:48:26'),
(166, 8, 'M5', '2019-02-09 10:48:26', '2019-02-09 10:48:26'),
(167, 8, 'M6', '2019-02-09 10:48:26', '2019-02-09 10:48:26'),
(168, 8, 'X5 M', '2019-02-09 10:48:26', '2019-02-09 10:48:26'),
(169, 8, 'X6 M', '2019-02-09 10:48:26', '2019-02-09 10:48:26'),
(170, 8, 'ActiveHybrid X6', '2019-02-09 10:48:26', '2019-02-09 10:48:26'),
(171, 8, 'X1', '2019-02-09 10:48:26', '2019-02-09 10:48:26'),
(172, 8, 'X3', '2019-02-09 10:48:27', '2019-02-09 10:48:27'),
(173, 8, 'X5', '2019-02-09 10:48:27', '2019-02-09 10:48:27'),
(174, 8, 'X6', '2019-02-09 10:48:27', '2019-02-09 10:48:27'),
(175, 8, 'Z3', '2019-02-09 10:48:27', '2019-02-09 10:48:27'),
(176, 8, 'Z4', '2019-02-09 10:48:27', '2019-02-09 10:48:27'),
(177, 8, 'Z8', '2019-02-09 10:48:27', '2019-02-09 10:48:27'),
(178, 9, 'Century', '2019-02-09 10:48:27', '2019-02-09 10:48:27'),
(179, 9, 'Electra', '2019-02-09 10:48:27', '2019-02-09 10:48:27'),
(180, 9, 'Enclave', '2019-02-09 10:48:27', '2019-02-09 10:48:27'),
(181, 9, 'Encore', '2019-02-09 10:48:27', '2019-02-09 10:48:27'),
(182, 9, 'LaCrosse', '2019-02-09 10:48:27', '2019-02-09 10:48:27'),
(183, 9, 'Le Sabre', '2019-02-09 10:48:27', '2019-02-09 10:48:27'),
(184, 9, 'Lucerne', '2019-02-09 10:48:27', '2019-02-09 10:48:27'),
(185, 9, 'Park Avenue', '2019-02-09 10:48:28', '2019-02-09 10:48:28'),
(186, 9, 'Rainier', '2019-02-09 10:48:28', '2019-02-09 10:48:28'),
(187, 9, 'Reatta', '2019-02-09 10:48:28', '2019-02-09 10:48:28'),
(188, 9, 'Regal', '2019-02-09 10:48:28', '2019-02-09 10:48:28'),
(189, 9, 'Rendezvous', '2019-02-09 10:48:28', '2019-02-09 10:48:28'),
(190, 9, 'Riviera', '2019-02-09 10:48:28', '2019-02-09 10:48:28'),
(191, 9, 'Roadmaster', '2019-02-09 10:48:28', '2019-02-09 10:48:28'),
(192, 9, 'Skyhawk', '2019-02-09 10:48:28', '2019-02-09 10:48:28'),
(193, 9, 'Skylark', '2019-02-09 10:48:28', '2019-02-09 10:48:28'),
(194, 9, 'Somerset', '2019-02-09 10:48:28', '2019-02-09 10:48:28'),
(195, 9, 'Terraza', '2019-02-09 10:48:28', '2019-02-09 10:48:28'),
(196, 9, 'Verano', '2019-02-09 10:48:28', '2019-02-09 10:48:28'),
(197, 10, 'Allante', '2019-02-09 10:48:28', '2019-02-09 10:48:28'),
(198, 10, 'ATS', '2019-02-09 10:48:28', '2019-02-09 10:48:28'),
(199, 10, 'Brougham', '2019-02-09 10:48:29', '2019-02-09 10:48:29'),
(200, 10, 'Catera', '2019-02-09 10:48:29', '2019-02-09 10:48:29'),
(201, 10, 'Cimarron', '2019-02-09 10:48:29', '2019-02-09 10:48:29'),
(202, 10, 'CTS', '2019-02-09 10:48:29', '2019-02-09 10:48:29'),
(203, 10, 'De Ville', '2019-02-09 10:48:29', '2019-02-09 10:48:29'),
(204, 10, 'DTS', '2019-02-09 10:48:29', '2019-02-09 10:48:29'),
(205, 10, 'Eldorado', '2019-02-09 10:48:29', '2019-02-09 10:48:29'),
(206, 10, 'Escalade', '2019-02-09 10:48:29', '2019-02-09 10:48:29'),
(207, 10, 'Escalade ESV', '2019-02-09 10:48:29', '2019-02-09 10:48:29'),
(208, 10, 'Escalade EXT', '2019-02-09 10:48:29', '2019-02-09 10:48:29'),
(209, 10, 'Fleetwood', '2019-02-09 10:48:29', '2019-02-09 10:48:29'),
(210, 10, 'Seville', '2019-02-09 10:48:29', '2019-02-09 10:48:29'),
(211, 10, 'SRX', '2019-02-09 10:48:29', '2019-02-09 10:48:29'),
(212, 10, 'STS', '2019-02-09 10:48:29', '2019-02-09 10:48:29'),
(213, 10, 'XLR', '2019-02-09 10:48:29', '2019-02-09 10:48:29'),
(214, 10, 'XTS', '2019-02-09 10:48:29', '2019-02-09 10:48:29'),
(215, 11, 'Astro', '2019-02-09 10:48:30', '2019-02-09 10:48:30'),
(216, 11, 'Avalanche', '2019-02-09 10:48:30', '2019-02-09 10:48:30'),
(217, 11, 'Aveo', '2019-02-09 10:48:30', '2019-02-09 10:48:30'),
(218, 11, 'Aveo5', '2019-02-09 10:48:30', '2019-02-09 10:48:30'),
(219, 11, 'Beretta', '2019-02-09 10:48:30', '2019-02-09 10:48:30'),
(220, 11, 'Blazer', '2019-02-09 10:48:30', '2019-02-09 10:48:30'),
(221, 11, 'Camaro', '2019-02-09 10:48:30', '2019-02-09 10:48:30'),
(222, 11, 'Caprice', '2019-02-09 10:48:30', '2019-02-09 10:48:30'),
(223, 11, 'Captiva Sport', '2019-02-09 10:48:30', '2019-02-09 10:48:30'),
(224, 11, 'Cavalier', '2019-02-09 10:48:30', '2019-02-09 10:48:30'),
(225, 11, 'Celebrity', '2019-02-09 10:48:30', '2019-02-09 10:48:30'),
(226, 11, 'Chevette', '2019-02-09 10:48:30', '2019-02-09 10:48:30'),
(227, 11, 'Citation', '2019-02-09 10:48:31', '2019-02-09 10:48:31'),
(228, 11, 'Cobalt', '2019-02-09 10:48:31', '2019-02-09 10:48:31'),
(229, 11, 'Colorado', '2019-02-09 10:48:31', '2019-02-09 10:48:31'),
(230, 11, 'Corsica', '2019-02-09 10:48:31', '2019-02-09 10:48:31'),
(231, 11, 'Corvette', '2019-02-09 10:48:31', '2019-02-09 10:48:31'),
(232, 11, 'Cruze', '2019-02-09 10:48:31', '2019-02-09 10:48:31'),
(233, 11, 'El Camino', '2019-02-09 10:48:31', '2019-02-09 10:48:31'),
(234, 11, 'Equinox', '2019-02-09 10:48:31', '2019-02-09 10:48:31'),
(235, 11, 'Express Van', '2019-02-09 10:48:31', '2019-02-09 10:48:31'),
(236, 11, 'G Van', '2019-02-09 10:48:31', '2019-02-09 10:48:31'),
(237, 11, 'HHR', '2019-02-09 10:48:31', '2019-02-09 10:48:31'),
(238, 11, 'Impala', '2019-02-09 10:48:31', '2019-02-09 10:48:31'),
(239, 11, 'Kodiak C4500', '2019-02-09 10:48:32', '2019-02-09 10:48:32'),
(240, 11, 'Lumina', '2019-02-09 10:48:32', '2019-02-09 10:48:32'),
(241, 11, 'Lumina APV', '2019-02-09 10:48:32', '2019-02-09 10:48:32'),
(242, 11, 'LUV', '2019-02-09 10:48:32', '2019-02-09 10:48:32'),
(243, 11, 'Malibu', '2019-02-09 10:48:32', '2019-02-09 10:48:32'),
(244, 11, 'Metro', '2019-02-09 10:48:32', '2019-02-09 10:48:32'),
(245, 11, 'Monte Carlo', '2019-02-09 10:48:32', '2019-02-09 10:48:32'),
(246, 11, 'Nova', '2019-02-09 10:48:32', '2019-02-09 10:48:32'),
(247, 11, 'Prizm', '2019-02-09 10:48:32', '2019-02-09 10:48:32'),
(248, 11, 'S10 Blazer', '2019-02-09 10:48:32', '2019-02-09 10:48:32'),
(249, 11, 'S10 Pickup', '2019-02-09 10:48:32', '2019-02-09 10:48:32'),
(250, 11, 'Silverado and other C/K1500', '2019-02-09 10:48:32', '2019-02-09 10:48:32'),
(251, 11, 'Silverado and other C/K2500', '2019-02-09 10:48:32', '2019-02-09 10:48:32'),
(252, 11, 'Silverado and other C/K3500', '2019-02-09 10:48:32', '2019-02-09 10:48:32'),
(253, 11, 'Sonic', '2019-02-09 10:48:32', '2019-02-09 10:48:32'),
(254, 11, 'Spark', '2019-02-09 10:48:32', '2019-02-09 10:48:32'),
(255, 11, 'Spectrum', '2019-02-09 10:48:32', '2019-02-09 10:48:32'),
(256, 11, 'Sprint', '2019-02-09 10:48:33', '2019-02-09 10:48:33'),
(257, 11, 'SSR', '2019-02-09 10:48:33', '2019-02-09 10:48:33'),
(258, 11, 'Suburban', '2019-02-09 10:48:33', '2019-02-09 10:48:33'),
(259, 11, 'Tahoe', '2019-02-09 10:48:33', '2019-02-09 10:48:33'),
(260, 11, 'Tracker', '2019-02-09 10:48:33', '2019-02-09 10:48:33'),
(261, 11, 'TrailBlazer', '2019-02-09 10:48:33', '2019-02-09 10:48:33'),
(262, 11, 'TrailBlazer EXT', '2019-02-09 10:48:33', '2019-02-09 10:48:33'),
(263, 11, 'Traverse', '2019-02-09 10:48:33', '2019-02-09 10:48:33'),
(264, 11, 'Uplander', '2019-02-09 10:48:33', '2019-02-09 10:48:33'),
(265, 11, 'Venture', '2019-02-09 10:48:33', '2019-02-09 10:48:33'),
(266, 11, 'Volt', '2019-02-09 10:48:33', '2019-02-09 10:48:33'),
(267, 12, '200', '2019-02-09 10:48:33', '2019-02-09 10:48:33'),
(268, 12, '300', '2019-02-09 10:48:33', '2019-02-09 10:48:33'),
(269, 12, '300M', '2019-02-09 10:48:34', '2019-02-09 10:48:34'),
(270, 12, 'Aspen', '2019-02-09 10:48:34', '2019-02-09 10:48:34'),
(271, 12, 'Caravan', '2019-02-09 10:48:34', '2019-02-09 10:48:34'),
(272, 12, 'Cirrus', '2019-02-09 10:48:34', '2019-02-09 10:48:34'),
(273, 12, 'Concorde', '2019-02-09 10:48:34', '2019-02-09 10:48:34'),
(274, 12, 'Conquest', '2019-02-09 10:48:34', '2019-02-09 10:48:34'),
(275, 12, 'Cordoba', '2019-02-09 10:48:34', '2019-02-09 10:48:34'),
(276, 12, 'Crossfire', '2019-02-09 10:48:34', '2019-02-09 10:48:34'),
(277, 12, 'E Class', '2019-02-09 10:48:34', '2019-02-09 10:48:34'),
(278, 12, 'Fifth Avenue', '2019-02-09 10:48:34', '2019-02-09 10:48:34'),
(279, 12, 'Grand Voyager', '2019-02-09 10:48:34', '2019-02-09 10:48:34'),
(280, 12, 'Imperial', '2019-02-09 10:48:34', '2019-02-09 10:48:34'),
(281, 12, 'Intrepid', '2019-02-09 10:48:34', '2019-02-09 10:48:34'),
(282, 12, 'Laser', '2019-02-09 10:48:34', '2019-02-09 10:48:34'),
(283, 12, 'LeBaron', '2019-02-09 10:48:34', '2019-02-09 10:48:34'),
(284, 12, 'LHS', '2019-02-09 10:48:34', '2019-02-09 10:48:34'),
(285, 12, 'Neon', '2019-02-09 10:48:34', '2019-02-09 10:48:34'),
(286, 12, 'New Yorker', '2019-02-09 10:48:34', '2019-02-09 10:48:34'),
(287, 12, 'Newport', '2019-02-09 10:48:34', '2019-02-09 10:48:34'),
(288, 12, 'Pacifica', '2019-02-09 10:48:34', '2019-02-09 10:48:34'),
(289, 12, 'Prowler', '2019-02-09 10:48:34', '2019-02-09 10:48:34'),
(290, 12, 'PT Cruiser', '2019-02-09 10:48:35', '2019-02-09 10:48:35'),
(291, 12, 'Sebring', '2019-02-09 10:48:35', '2019-02-09 10:48:35'),
(292, 12, 'TC by Maserati', '2019-02-09 10:48:35', '2019-02-09 10:48:35'),
(293, 12, 'Town &amp; Country', '2019-02-09 10:48:35', '2019-02-09 10:48:35'),
(294, 12, 'Voyager', '2019-02-09 10:48:35', '2019-02-09 10:48:35'),
(295, 13, 'Lanos', '2019-02-09 10:48:36', '2019-02-09 10:48:36'),
(296, 13, 'Leganza', '2019-02-09 10:48:36', '2019-02-09 10:48:36'),
(297, 13, 'Nubira', '2019-02-09 10:48:36', '2019-02-09 10:48:36'),
(298, 14, 'Charade', '2019-02-09 10:48:36', '2019-02-09 10:48:36'),
(299, 14, 'Rocky', '2019-02-09 10:48:37', '2019-02-09 10:48:37'),
(300, 15, '200SX', '2019-02-09 10:48:37', '2019-02-09 10:48:37'),
(301, 15, '210', '2019-02-09 10:48:37', '2019-02-09 10:48:37'),
(302, 15, '280ZX', '2019-02-09 10:48:37', '2019-02-09 10:48:37'),
(303, 15, '300ZX', '2019-02-09 10:48:38', '2019-02-09 10:48:38'),
(304, 15, '310', '2019-02-09 10:48:38', '2019-02-09 10:48:38'),
(305, 15, '510', '2019-02-09 10:48:38', '2019-02-09 10:48:38'),
(306, 15, '720', '2019-02-09 10:48:38', '2019-02-09 10:48:38'),
(307, 15, '810', '2019-02-09 10:48:39', '2019-02-09 10:48:39'),
(308, 15, 'Maxima', '2019-02-09 10:48:39', '2019-02-09 10:48:39'),
(309, 15, 'Pickup', '2019-02-09 10:48:39', '2019-02-09 10:48:39'),
(310, 15, 'Pulsar', '2019-02-09 10:48:39', '2019-02-09 10:48:39'),
(311, 15, 'Sentra', '2019-02-09 10:48:39', '2019-02-09 10:48:39'),
(312, 15, 'Stanza', '2019-02-09 10:48:39', '2019-02-09 10:48:39'),
(313, 16, 'DMC-12', '2019-02-09 10:48:40', '2019-02-09 10:48:40'),
(314, 17, '400', '2019-02-09 10:48:41', '2019-02-09 10:48:41'),
(315, 17, '600', '2019-02-09 10:48:41', '2019-02-09 10:48:41'),
(316, 17, 'Aries', '2019-02-09 10:48:41', '2019-02-09 10:48:41'),
(317, 17, 'Avenger', '2019-02-09 10:48:41', '2019-02-09 10:48:41'),
(318, 17, 'Caliber', '2019-02-09 10:48:42', '2019-02-09 10:48:42'),
(319, 17, 'Caravan', '2019-02-09 10:48:42', '2019-02-09 10:48:42'),
(320, 17, 'Challenger', '2019-02-09 10:48:43', '2019-02-09 10:48:43'),
(321, 17, 'Charger', '2019-02-09 10:48:43', '2019-02-09 10:48:43'),
(322, 17, 'Colt', '2019-02-09 10:48:43', '2019-02-09 10:48:43'),
(323, 17, 'Conquest', '2019-02-09 10:48:43', '2019-02-09 10:48:43'),
(324, 17, 'D/W Truck', '2019-02-09 10:48:44', '2019-02-09 10:48:44'),
(325, 17, 'Dakota', '2019-02-09 10:48:44', '2019-02-09 10:48:44'),
(326, 17, 'Dart', '2019-02-09 10:48:44', '2019-02-09 10:48:44'),
(327, 17, 'Daytona', '2019-02-09 10:48:44', '2019-02-09 10:48:44'),
(328, 17, 'Diplomat', '2019-02-09 10:48:44', '2019-02-09 10:48:44'),
(329, 17, 'Durango', '2019-02-09 10:48:44', '2019-02-09 10:48:44'),
(330, 17, 'Dynasty', '2019-02-09 10:48:45', '2019-02-09 10:48:45'),
(331, 17, 'Grand Caravan', '2019-02-09 10:48:45', '2019-02-09 10:48:45'),
(332, 17, 'Intrepid', '2019-02-09 10:48:45', '2019-02-09 10:48:45'),
(333, 17, 'Journey', '2019-02-09 10:48:45', '2019-02-09 10:48:45'),
(334, 17, 'Lancer', '2019-02-09 10:48:45', '2019-02-09 10:48:45'),
(335, 17, 'Magnum', '2019-02-09 10:48:45', '2019-02-09 10:48:45'),
(336, 17, 'Mirada', '2019-02-09 10:48:45', '2019-02-09 10:48:45'),
(337, 17, 'Monaco', '2019-02-09 10:48:45', '2019-02-09 10:48:45'),
(338, 17, 'Neon', '2019-02-09 10:48:46', '2019-02-09 10:48:46'),
(339, 17, 'Nitro', '2019-02-09 10:48:46', '2019-02-09 10:48:46'),
(340, 17, 'Omni', '2019-02-09 10:48:46', '2019-02-09 10:48:46'),
(341, 17, 'Raider', '2019-02-09 10:48:46', '2019-02-09 10:48:46'),
(342, 17, 'Ram 1500 Truck', '2019-02-09 10:48:46', '2019-02-09 10:48:46'),
(343, 17, 'Ram 2500 Truck', '2019-02-09 10:48:46', '2019-02-09 10:48:46'),
(344, 17, 'Ram 3500 Truck', '2019-02-09 10:48:47', '2019-02-09 10:48:47'),
(345, 17, 'Ram 4500 Truck', '2019-02-09 10:48:47', '2019-02-09 10:48:47'),
(346, 17, 'Ram 50 Truck', '2019-02-09 10:48:47', '2019-02-09 10:48:47'),
(347, 17, 'RAM C/V', '2019-02-09 10:48:47', '2019-02-09 10:48:47'),
(348, 17, 'Ram SRT-10', '2019-02-09 10:48:47', '2019-02-09 10:48:47'),
(349, 17, 'Ram Van', '2019-02-09 10:48:47', '2019-02-09 10:48:47'),
(350, 17, 'Ram Wagon', '2019-02-09 10:48:47', '2019-02-09 10:48:47'),
(351, 17, 'Ramcharger', '2019-02-09 10:48:47', '2019-02-09 10:48:47'),
(352, 17, 'Rampage', '2019-02-09 10:48:47', '2019-02-09 10:48:47'),
(353, 17, 'Shadow', '2019-02-09 10:48:47', '2019-02-09 10:48:47'),
(354, 17, 'Spirit', '2019-02-09 10:48:47', '2019-02-09 10:48:47'),
(355, 17, 'Sprinter', '2019-02-09 10:48:47', '2019-02-09 10:48:47'),
(356, 17, 'SRT-4', '2019-02-09 10:48:48', '2019-02-09 10:48:48'),
(357, 17, 'St. Regis', '2019-02-09 10:48:48', '2019-02-09 10:48:48'),
(358, 17, 'Stealth', '2019-02-09 10:48:48', '2019-02-09 10:48:48'),
(359, 17, 'Stratus', '2019-02-09 10:48:48', '2019-02-09 10:48:48'),
(360, 17, 'Viper', '2019-02-09 10:48:48', '2019-02-09 10:48:48'),
(361, 18, 'Medallion', '2019-02-09 10:48:48', '2019-02-09 10:48:48'),
(362, 18, 'Premier', '2019-02-09 10:48:48', '2019-02-09 10:48:48'),
(363, 18, 'Summit', '2019-02-09 10:48:48', '2019-02-09 10:48:48'),
(364, 18, 'Talon', '2019-02-09 10:48:48', '2019-02-09 10:48:48'),
(365, 18, 'Vision', '2019-02-09 10:48:48', '2019-02-09 10:48:48'),
(366, 19, '308 GTB Quattrovalvole', '2019-02-09 10:48:48', '2019-02-09 10:48:48'),
(367, 19, '308 GTBI', '2019-02-09 10:48:48', '2019-02-09 10:48:48'),
(368, 19, '308 GTS Quattrovalvole', '2019-02-09 10:48:48', '2019-02-09 10:48:48'),
(369, 19, '308 GTSI', '2019-02-09 10:48:49', '2019-02-09 10:48:49'),
(370, 19, '328 GTB', '2019-02-09 10:48:49', '2019-02-09 10:48:49'),
(371, 19, '328 GTS', '2019-02-09 10:48:49', '2019-02-09 10:48:49'),
(372, 19, '348 GTB', '2019-02-09 10:48:49', '2019-02-09 10:48:49'),
(373, 19, '348 GTS', '2019-02-09 10:48:49', '2019-02-09 10:48:49'),
(374, 19, '348 Spider', '2019-02-09 10:48:49', '2019-02-09 10:48:49'),
(375, 19, '348 TB', '2019-02-09 10:48:49', '2019-02-09 10:48:49'),
(376, 19, '348 TS', '2019-02-09 10:48:49', '2019-02-09 10:48:49'),
(377, 19, '360', '2019-02-09 10:48:49', '2019-02-09 10:48:49'),
(378, 19, '456 GT', '2019-02-09 10:48:49', '2019-02-09 10:48:49'),
(379, 19, '456M GT', '2019-02-09 10:48:49', '2019-02-09 10:48:49'),
(380, 19, '458 Italia', '2019-02-09 10:48:49', '2019-02-09 10:48:49'),
(381, 19, '512 BBi', '2019-02-09 10:48:49', '2019-02-09 10:48:49'),
(382, 19, '512M', '2019-02-09 10:48:49', '2019-02-09 10:48:49'),
(383, 19, '512TR', '2019-02-09 10:48:49', '2019-02-09 10:48:49'),
(384, 19, '550 Maranello', '2019-02-09 10:48:49', '2019-02-09 10:48:49'),
(385, 19, '575M Maranello', '2019-02-09 10:48:50', '2019-02-09 10:48:50'),
(386, 19, '599 GTB Fiorano', '2019-02-09 10:48:50', '2019-02-09 10:48:50'),
(387, 19, '599 GTO', '2019-02-09 10:48:50', '2019-02-09 10:48:50'),
(388, 19, '612 Scaglietti', '2019-02-09 10:48:50', '2019-02-09 10:48:50'),
(389, 19, 'California', '2019-02-09 10:48:50', '2019-02-09 10:48:50'),
(390, 19, 'Enzo', '2019-02-09 10:48:50', '2019-02-09 10:48:50'),
(391, 19, 'F355', '2019-02-09 10:48:50', '2019-02-09 10:48:50'),
(392, 19, 'F40', '2019-02-09 10:48:50', '2019-02-09 10:48:50'),
(393, 19, 'F430', '2019-02-09 10:48:50', '2019-02-09 10:48:50'),
(394, 19, 'F50', '2019-02-09 10:48:50', '2019-02-09 10:48:50'),
(395, 19, 'FF', '2019-02-09 10:48:50', '2019-02-09 10:48:50'),
(396, 19, 'Mondial', '2019-02-09 10:48:50', '2019-02-09 10:48:50'),
(397, 19, 'Testarossa', '2019-02-09 10:48:50', '2019-02-09 10:48:50'),
(398, 20, '2000 Spider', '2019-02-09 10:48:50', '2019-02-09 10:48:50'),
(399, 20, '500', '2019-02-09 10:48:50', '2019-02-09 10:48:50'),
(400, 20, 'Bertone X1/9', '2019-02-09 10:48:50', '2019-02-09 10:48:50'),
(401, 20, 'Brava', '2019-02-09 10:48:50', '2019-02-09 10:48:50'),
(402, 20, 'Pininfarina Spider', '2019-02-09 10:48:50', '2019-02-09 10:48:50'),
(403, 20, 'Strada', '2019-02-09 10:48:50', '2019-02-09 10:48:50'),
(404, 20, 'X1/9', '2019-02-09 10:48:50', '2019-02-09 10:48:50'),
(405, 21, 'Karma', '2019-02-09 10:48:51', '2019-02-09 10:48:51'),
(406, 22, 'Aerostar', '2019-02-09 10:48:51', '2019-02-09 10:48:51'),
(407, 22, 'Aspire', '2019-02-09 10:48:51', '2019-02-09 10:48:51'),
(408, 22, 'Bronco', '2019-02-09 10:48:51', '2019-02-09 10:48:51'),
(409, 22, 'Bronco II', '2019-02-09 10:48:51', '2019-02-09 10:48:51'),
(410, 22, 'C-MAX', '2019-02-09 10:48:51', '2019-02-09 10:48:51'),
(411, 22, 'Club Wagon', '2019-02-09 10:48:51', '2019-02-09 10:48:51'),
(412, 22, 'Contour', '2019-02-09 10:48:51', '2019-02-09 10:48:51'),
(413, 22, 'Courier', '2019-02-09 10:48:51', '2019-02-09 10:48:51'),
(414, 22, 'Crown Victoria', '2019-02-09 10:48:51', '2019-02-09 10:48:51'),
(415, 22, 'E-150 and Econoline 150', '2019-02-09 10:48:51', '2019-02-09 10:48:51'),
(416, 22, 'E-250 and Econoline 250', '2019-02-09 10:48:51', '2019-02-09 10:48:51'),
(417, 22, 'E-350 and Econoline 350', '2019-02-09 10:48:51', '2019-02-09 10:48:51'),
(418, 22, 'Edge', '2019-02-09 10:48:51', '2019-02-09 10:48:51'),
(419, 22, 'Escape', '2019-02-09 10:48:51', '2019-02-09 10:48:51'),
(420, 22, 'Escort', '2019-02-09 10:48:51', '2019-02-09 10:48:51'),
(421, 22, 'Excursion', '2019-02-09 10:48:51', '2019-02-09 10:48:51'),
(422, 22, 'EXP', '2019-02-09 10:48:51', '2019-02-09 10:48:51'),
(423, 22, 'Expedition', '2019-02-09 10:48:51', '2019-02-09 10:48:51'),
(424, 22, 'Expedition EL', '2019-02-09 10:48:52', '2019-02-09 10:48:52'),
(425, 22, 'Explorer', '2019-02-09 10:48:52', '2019-02-09 10:48:52'),
(426, 22, 'Explorer Sport Trac', '2019-02-09 10:48:52', '2019-02-09 10:48:52'),
(427, 22, 'F100', '2019-02-09 10:48:52', '2019-02-09 10:48:52'),
(428, 22, 'F150', '2019-02-09 10:48:52', '2019-02-09 10:48:52'),
(429, 22, 'F250', '2019-02-09 10:48:52', '2019-02-09 10:48:52'),
(430, 22, 'F350', '2019-02-09 10:48:52', '2019-02-09 10:48:52'),
(431, 22, 'F450', '2019-02-09 10:48:52', '2019-02-09 10:48:52'),
(432, 22, 'Fairmont', '2019-02-09 10:48:52', '2019-02-09 10:48:52'),
(433, 22, 'Festiva', '2019-02-09 10:48:52', '2019-02-09 10:48:52'),
(434, 22, 'Fiesta', '2019-02-09 10:48:52', '2019-02-09 10:48:52'),
(435, 22, 'Five Hundred', '2019-02-09 10:48:52', '2019-02-09 10:48:52'),
(436, 22, 'Flex', '2019-02-09 10:48:52', '2019-02-09 10:48:52'),
(437, 22, 'Focus', '2019-02-09 10:48:52', '2019-02-09 10:48:52'),
(438, 22, 'Freestar', '2019-02-09 10:48:52', '2019-02-09 10:48:52'),
(439, 22, 'Freestyle', '2019-02-09 10:48:52', '2019-02-09 10:48:52'),
(440, 22, 'Fusion', '2019-02-09 10:48:53', '2019-02-09 10:48:53'),
(441, 22, 'Granada', '2019-02-09 10:48:53', '2019-02-09 10:48:53'),
(442, 22, 'GT', '2019-02-09 10:48:53', '2019-02-09 10:48:53'),
(443, 22, 'LTD', '2019-02-09 10:48:53', '2019-02-09 10:48:53'),
(444, 22, 'Mustang', '2019-02-09 10:48:53', '2019-02-09 10:48:53'),
(445, 22, 'Probe', '2019-02-09 10:48:53', '2019-02-09 10:48:53'),
(446, 22, 'Ranger', '2019-02-09 10:48:53', '2019-02-09 10:48:53'),
(447, 22, 'Taurus', '2019-02-09 10:48:53', '2019-02-09 10:48:53'),
(448, 22, 'Taurus X', '2019-02-09 10:48:53', '2019-02-09 10:48:53'),
(449, 22, 'Tempo', '2019-02-09 10:48:53', '2019-02-09 10:48:53'),
(450, 22, 'Thunderbird', '2019-02-09 10:48:53', '2019-02-09 10:48:53'),
(451, 22, 'Transit Connect', '2019-02-09 10:48:53', '2019-02-09 10:48:53'),
(452, 22, 'Windstar', '2019-02-09 10:48:53', '2019-02-09 10:48:53'),
(453, 22, 'ZX2 Escort', '2019-02-09 10:48:53', '2019-02-09 10:48:53'),
(454, 23, 'Sprinter', '2019-02-09 10:48:53', '2019-02-09 10:48:53'),
(455, 24, 'Metro', '2019-02-09 10:48:54', '2019-02-09 10:48:54'),
(456, 24, 'Prizm', '2019-02-09 10:48:54', '2019-02-09 10:48:54'),
(457, 24, 'Spectrum', '2019-02-09 10:48:54', '2019-02-09 10:48:54'),
(458, 24, 'Storm', '2019-02-09 10:48:54', '2019-02-09 10:48:54'),
(459, 24, 'Tracker', '2019-02-09 10:48:54', '2019-02-09 10:48:54'),
(460, 25, 'Acadia', '2019-02-09 10:48:54', '2019-02-09 10:48:54'),
(461, 25, 'Caballero', '2019-02-09 10:48:54', '2019-02-09 10:48:54'),
(462, 25, 'Canyon', '2019-02-09 10:48:54', '2019-02-09 10:48:54'),
(463, 25, 'Envoy', '2019-02-09 10:48:54', '2019-02-09 10:48:54'),
(464, 25, 'Envoy XL', '2019-02-09 10:48:54', '2019-02-09 10:48:54'),
(465, 25, 'Envoy XUV', '2019-02-09 10:48:54', '2019-02-09 10:48:54'),
(466, 25, 'Jimmy', '2019-02-09 10:48:54', '2019-02-09 10:48:54'),
(467, 25, 'Rally Wagon', '2019-02-09 10:48:55', '2019-02-09 10:48:55'),
(468, 25, 'S15 Jimmy', '2019-02-09 10:48:55', '2019-02-09 10:48:55'),
(469, 25, 'S15 Pickup', '2019-02-09 10:48:55', '2019-02-09 10:48:55'),
(470, 25, 'Safari', '2019-02-09 10:48:55', '2019-02-09 10:48:55'),
(471, 25, 'Savana', '2019-02-09 10:48:55', '2019-02-09 10:48:55'),
(472, 25, 'Sierra C/K1500', '2019-02-09 10:48:55', '2019-02-09 10:48:55'),
(473, 25, 'Sierra C/K2500', '2019-02-09 10:48:55', '2019-02-09 10:48:55'),
(474, 25, 'Sierra C/K3500', '2019-02-09 10:48:55', '2019-02-09 10:48:55'),
(475, 25, 'Sonoma', '2019-02-09 10:48:55', '2019-02-09 10:48:55'),
(476, 25, 'Suburban', '2019-02-09 10:48:55', '2019-02-09 10:48:55'),
(477, 25, 'Syclone', '2019-02-09 10:48:55', '2019-02-09 10:48:55'),
(478, 25, 'Terrain', '2019-02-09 10:48:55', '2019-02-09 10:48:55'),
(479, 25, 'TopKick C4500', '2019-02-09 10:48:55', '2019-02-09 10:48:55'),
(480, 25, 'Typhoon', '2019-02-09 10:48:55', '2019-02-09 10:48:55'),
(481, 25, 'Vandura', '2019-02-09 10:48:55', '2019-02-09 10:48:55'),
(482, 25, 'Yukon', '2019-02-09 10:48:56', '2019-02-09 10:48:56'),
(483, 25, 'Yukon XL', '2019-02-09 10:48:56', '2019-02-09 10:48:56'),
(484, 26, 'Accord', '2019-02-09 10:48:56', '2019-02-09 10:48:56'),
(485, 26, 'Civic', '2019-02-09 10:48:56', '2019-02-09 10:48:56'),
(486, 26, 'CR-V', '2019-02-09 10:48:56', '2019-02-09 10:48:56'),
(487, 26, 'CR-Z', '2019-02-09 10:48:57', '2019-02-09 10:48:57'),
(488, 26, 'CRX', '2019-02-09 10:48:57', '2019-02-09 10:48:57'),
(489, 26, 'Accord Crosstour', '2019-02-09 10:48:57', '2019-02-09 10:48:57'),
(490, 26, 'Crosstour', '2019-02-09 10:48:57', '2019-02-09 10:48:57'),
(491, 26, 'Del Sol', '2019-02-09 10:48:58', '2019-02-09 10:48:58'),
(492, 26, 'Element', '2019-02-09 10:48:58', '2019-02-09 10:48:58'),
(493, 26, 'Fit', '2019-02-09 10:48:58', '2019-02-09 10:48:58'),
(494, 26, 'Insight', '2019-02-09 10:48:58', '2019-02-09 10:48:58'),
(495, 26, 'Odyssey', '2019-02-09 10:48:58', '2019-02-09 10:48:58'),
(496, 26, 'Passport', '2019-02-09 10:48:58', '2019-02-09 10:48:58'),
(497, 26, 'Pilot', '2019-02-09 10:48:58', '2019-02-09 10:48:58'),
(498, 26, 'Prelude', '2019-02-09 10:48:58', '2019-02-09 10:48:58'),
(499, 26, 'Ridgeline', '2019-02-09 10:48:58', '2019-02-09 10:48:58'),
(500, 26, 'S2000', '2019-02-09 10:48:58', '2019-02-09 10:48:58'),
(501, 27, 'H1', '2019-02-09 10:48:59', '2019-02-09 10:48:59'),
(502, 27, 'H2', '2019-02-09 10:48:59', '2019-02-09 10:48:59'),
(503, 27, 'H3', '2019-02-09 10:48:59', '2019-02-09 10:48:59'),
(504, 27, 'H3T', '2019-02-09 10:48:59', '2019-02-09 10:48:59'),
(505, 28, 'Accent', '2019-02-09 10:48:59', '2019-02-09 10:48:59'),
(506, 28, 'Azera', '2019-02-09 10:48:59', '2019-02-09 10:48:59'),
(507, 28, 'Elantra', '2019-02-09 10:48:59', '2019-02-09 10:48:59'),
(508, 28, 'Elantra Coupe', '2019-02-09 10:48:59', '2019-02-09 10:48:59'),
(509, 28, 'Elantra Touring', '2019-02-09 10:48:59', '2019-02-09 10:48:59'),
(510, 28, 'Entourage', '2019-02-09 10:48:59', '2019-02-09 10:48:59'),
(511, 28, 'Equus', '2019-02-09 10:48:59', '2019-02-09 10:48:59'),
(512, 28, 'Excel', '2019-02-09 10:48:59', '2019-02-09 10:48:59'),
(513, 28, 'Genesis', '2019-02-09 10:48:59', '2019-02-09 10:48:59'),
(514, 28, 'Genesis Coupe', '2019-02-09 10:48:59', '2019-02-09 10:48:59'),
(515, 28, 'Santa Fe', '2019-02-09 10:48:59', '2019-02-09 10:48:59'),
(516, 28, 'Scoupe', '2019-02-09 10:48:59', '2019-02-09 10:48:59'),
(517, 28, 'Sonata', '2019-02-09 10:48:59', '2019-02-09 10:48:59'),
(518, 28, 'Tiburon', '2019-02-09 10:49:00', '2019-02-09 10:49:00'),
(519, 28, 'Tucson', '2019-02-09 10:49:00', '2019-02-09 10:49:00'),
(520, 28, 'Veloster', '2019-02-09 10:49:00', '2019-02-09 10:49:00'),
(521, 28, 'Veracruz', '2019-02-09 10:49:00', '2019-02-09 10:49:00'),
(522, 28, 'XG300', '2019-02-09 10:49:00', '2019-02-09 10:49:00'),
(523, 28, 'XG350', '2019-02-09 10:49:00', '2019-02-09 10:49:00'),
(524, 29, 'EX35', '2019-02-09 10:49:00', '2019-02-09 10:49:00'),
(525, 29, 'EX37', '2019-02-09 10:49:00', '2019-02-09 10:49:00'),
(526, 29, 'FX35', '2019-02-09 10:49:00', '2019-02-09 10:49:00'),
(527, 29, 'FX37', '2019-02-09 10:49:00', '2019-02-09 10:49:00'),
(528, 29, 'FX45', '2019-02-09 10:49:00', '2019-02-09 10:49:00'),
(529, 29, 'FX50', '2019-02-09 10:49:00', '2019-02-09 10:49:00'),
(530, 29, 'G20', '2019-02-09 10:49:00', '2019-02-09 10:49:00'),
(531, 29, 'G25', '2019-02-09 10:49:00', '2019-02-09 10:49:00'),
(532, 29, 'G35', '2019-02-09 10:49:00', '2019-02-09 10:49:00'),
(533, 29, 'G37', '2019-02-09 10:49:00', '2019-02-09 10:49:00'),
(534, 29, 'I30', '2019-02-09 10:49:01', '2019-02-09 10:49:01'),
(535, 29, 'I35', '2019-02-09 10:49:01', '2019-02-09 10:49:01'),
(536, 29, 'J30', '2019-02-09 10:49:01', '2019-02-09 10:49:01'),
(537, 29, 'JX35', '2019-02-09 10:49:01', '2019-02-09 10:49:01'),
(538, 29, 'M30', '2019-02-09 10:49:01', '2019-02-09 10:49:01'),
(539, 29, 'M35', '2019-02-09 10:49:01', '2019-02-09 10:49:01'),
(540, 29, 'M35h', '2019-02-09 10:49:01', '2019-02-09 10:49:01'),
(541, 29, 'M37', '2019-02-09 10:49:01', '2019-02-09 10:49:01'),
(542, 29, 'M45', '2019-02-09 10:49:01', '2019-02-09 10:49:01'),
(543, 29, 'M56', '2019-02-09 10:49:01', '2019-02-09 10:49:01'),
(544, 29, 'Q45', '2019-02-09 10:49:01', '2019-02-09 10:49:01'),
(545, 29, 'QX4', '2019-02-09 10:49:01', '2019-02-09 10:49:01'),
(546, 29, 'QX56', '2019-02-09 10:49:01', '2019-02-09 10:49:01'),
(547, 30, 'Amigo', '2019-02-09 10:49:02', '2019-02-09 10:49:02'),
(548, 30, 'Ascender', '2019-02-09 10:49:02', '2019-02-09 10:49:02'),
(549, 30, 'Axiom', '2019-02-09 10:49:02', '2019-02-09 10:49:02'),
(550, 30, 'Hombre', '2019-02-09 10:49:02', '2019-02-09 10:49:02'),
(551, 30, 'i-280', '2019-02-09 10:49:02', '2019-02-09 10:49:02'),
(552, 30, 'i-290', '2019-02-09 10:49:02', '2019-02-09 10:49:02'),
(553, 30, 'i-350', '2019-02-09 10:49:02', '2019-02-09 10:49:02'),
(554, 30, 'i-370', '2019-02-09 10:49:02', '2019-02-09 10:49:02'),
(555, 30, 'I-Mark', '2019-02-09 10:49:02', '2019-02-09 10:49:02'),
(556, 30, 'Impulse', '2019-02-09 10:49:02', '2019-02-09 10:49:02'),
(557, 30, 'Oasis', '2019-02-09 10:49:02', '2019-02-09 10:49:02'),
(558, 30, 'Pickup', '2019-02-09 10:49:02', '2019-02-09 10:49:02'),
(559, 30, 'Rodeo', '2019-02-09 10:49:03', '2019-02-09 10:49:03'),
(560, 30, 'Stylus', '2019-02-09 10:49:03', '2019-02-09 10:49:03'),
(561, 30, 'Trooper', '2019-02-09 10:49:03', '2019-02-09 10:49:03'),
(562, 30, 'Trooper II', '2019-02-09 10:49:03', '2019-02-09 10:49:03'),
(563, 30, 'VehiCROSS', '2019-02-09 10:49:03', '2019-02-09 10:49:03'),
(564, 31, 'S-Type', '2019-02-09 10:49:03', '2019-02-09 10:49:03'),
(565, 31, 'X-Type', '2019-02-09 10:49:03', '2019-02-09 10:49:03'),
(566, 31, 'XF', '2019-02-09 10:49:03', '2019-02-09 10:49:03'),
(567, 31, 'XJ12', '2019-02-09 10:49:03', '2019-02-09 10:49:03'),
(568, 31, 'XJ6', '2019-02-09 10:49:03', '2019-02-09 10:49:03'),
(569, 31, 'XJR', '2019-02-09 10:49:03', '2019-02-09 10:49:03'),
(570, 31, 'XJR-S', '2019-02-09 10:49:03', '2019-02-09 10:49:03'),
(571, 31, 'XJS', '2019-02-09 10:49:03', '2019-02-09 10:49:03'),
(572, 31, 'XJ Vanden Plas', '2019-02-09 10:49:03', '2019-02-09 10:49:03'),
(573, 31, 'XJ', '2019-02-09 10:49:03', '2019-02-09 10:49:03'),
(574, 31, 'XJ8', '2019-02-09 10:49:03', '2019-02-09 10:49:03'),
(575, 31, 'XJ8 L', '2019-02-09 10:49:03', '2019-02-09 10:49:03'),
(576, 31, 'XJ Sport', '2019-02-09 10:49:03', '2019-02-09 10:49:03'),
(577, 31, 'XK8', '2019-02-09 10:49:03', '2019-02-09 10:49:03'),
(578, 31, 'XK', '2019-02-09 10:49:04', '2019-02-09 10:49:04'),
(579, 31, 'XKR', '2019-02-09 10:49:04', '2019-02-09 10:49:04'),
(580, 32, 'Cherokee', '2019-02-09 10:49:04', '2019-02-09 10:49:04'),
(581, 32, 'CJ', '2019-02-09 10:49:04', '2019-02-09 10:49:04'),
(582, 32, 'Comanche', '2019-02-09 10:49:04', '2019-02-09 10:49:04'),
(583, 32, 'Commander', '2019-02-09 10:49:04', '2019-02-09 10:49:04'),
(584, 32, 'Compass', '2019-02-09 10:49:04', '2019-02-09 10:49:04'),
(585, 32, 'Grand Cherokee', '2019-02-09 10:49:04', '2019-02-09 10:49:04'),
(586, 32, 'Grand Wagoneer', '2019-02-09 10:49:04', '2019-02-09 10:49:04'),
(587, 32, 'Liberty', '2019-02-09 10:49:04', '2019-02-09 10:49:04'),
(588, 32, 'Patriot', '2019-02-09 10:49:04', '2019-02-09 10:49:04'),
(589, 32, 'Pickup', '2019-02-09 10:49:04', '2019-02-09 10:49:04'),
(590, 32, 'Scrambler', '2019-02-09 10:49:04', '2019-02-09 10:49:04'),
(591, 32, 'Wagoneer', '2019-02-09 10:49:04', '2019-02-09 10:49:04'),
(592, 32, 'Wrangler', '2019-02-09 10:49:04', '2019-02-09 10:49:04'),
(593, 33, 'Amanti', '2019-02-09 10:49:05', '2019-02-09 10:49:05'),
(594, 33, 'Borrego', '2019-02-09 10:49:05', '2019-02-09 10:49:05'),
(595, 33, 'Forte', '2019-02-09 10:49:05', '2019-02-09 10:49:05'),
(596, 33, 'Forte Koup', '2019-02-09 10:49:05', '2019-02-09 10:49:05'),
(597, 33, 'Optima', '2019-02-09 10:49:05', '2019-02-09 10:49:05'),
(598, 33, 'Rio', '2019-02-09 10:49:05', '2019-02-09 10:49:05'),
(599, 33, 'Rio5', '2019-02-09 10:49:05', '2019-02-09 10:49:05'),
(600, 33, 'Rondo', '2019-02-09 10:49:05', '2019-02-09 10:49:05'),
(601, 33, 'Sedona', '2019-02-09 10:49:05', '2019-02-09 10:49:05'),
(602, 33, 'Sephia', '2019-02-09 10:49:05', '2019-02-09 10:49:05'),
(603, 33, 'Sorento', '2019-02-09 10:49:05', '2019-02-09 10:49:05'),
(604, 33, 'Soul', '2019-02-09 10:49:05', '2019-02-09 10:49:05'),
(605, 33, 'Spectra', '2019-02-09 10:49:05', '2019-02-09 10:49:05'),
(606, 33, 'Spectra5', '2019-02-09 10:49:05', '2019-02-09 10:49:05'),
(607, 33, 'Sportage', '2019-02-09 10:49:05', '2019-02-09 10:49:05'),
(608, 34, 'Aventador', '2019-02-09 10:49:05', '2019-02-09 10:49:05'),
(609, 34, 'Countach', '2019-02-09 10:49:05', '2019-02-09 10:49:05'),
(610, 34, 'Diablo', '2019-02-09 10:49:06', '2019-02-09 10:49:06'),
(611, 34, 'Gallardo', '2019-02-09 10:49:06', '2019-02-09 10:49:06'),
(612, 34, 'Jalpa', '2019-02-09 10:49:06', '2019-02-09 10:49:06'),
(613, 34, 'LM002', '2019-02-09 10:49:06', '2019-02-09 10:49:06'),
(614, 34, 'Murcielago', '2019-02-09 10:49:06', '2019-02-09 10:49:06'),
(615, 35, 'Beta', '2019-02-09 10:49:06', '2019-02-09 10:49:06'),
(616, 35, 'Zagato', '2019-02-09 10:49:06', '2019-02-09 10:49:06'),
(617, 36, 'Defender', '2019-02-09 10:49:06', '2019-02-09 10:49:06'),
(618, 36, 'Discovery', '2019-02-09 10:49:06', '2019-02-09 10:49:06'),
(619, 36, 'Freelander', '2019-02-09 10:49:06', '2019-02-09 10:49:06'),
(620, 36, 'LR2', '2019-02-09 10:49:06', '2019-02-09 10:49:06'),
(621, 36, 'LR3', '2019-02-09 10:49:06', '2019-02-09 10:49:06'),
(622, 36, 'LR4', '2019-02-09 10:49:06', '2019-02-09 10:49:06'),
(623, 36, 'Range Rover', '2019-02-09 10:49:06', '2019-02-09 10:49:06'),
(624, 36, 'Range Rover Evoque', '2019-02-09 10:49:06', '2019-02-09 10:49:06'),
(625, 36, 'Range Rover Sport', '2019-02-09 10:49:06', '2019-02-09 10:49:06'),
(626, 37, 'CT 200h', '2019-02-09 10:49:06', '2019-02-09 10:49:06'),
(627, 37, 'ES 250', '2019-02-09 10:49:07', '2019-02-09 10:49:07'),
(628, 37, 'ES 300', '2019-02-09 10:49:07', '2019-02-09 10:49:07'),
(629, 37, 'ES 300h', '2019-02-09 10:49:07', '2019-02-09 10:49:07'),
(630, 37, 'ES 330', '2019-02-09 10:49:07', '2019-02-09 10:49:07'),
(631, 37, 'ES 350', '2019-02-09 10:49:07', '2019-02-09 10:49:07'),
(632, 37, 'GS 300', '2019-02-09 10:49:07', '2019-02-09 10:49:07'),
(633, 37, 'GS 350', '2019-02-09 10:49:07', '2019-02-09 10:49:07'),
(634, 37, 'GS 400', '2019-02-09 10:49:07', '2019-02-09 10:49:07'),
(635, 37, 'GS 430', '2019-02-09 10:49:07', '2019-02-09 10:49:07'),
(636, 37, 'GS 450h', '2019-02-09 10:49:07', '2019-02-09 10:49:07'),
(637, 37, 'GS 460', '2019-02-09 10:49:07', '2019-02-09 10:49:07'),
(638, 37, 'GX 460', '2019-02-09 10:49:07', '2019-02-09 10:49:07'),
(639, 37, 'GX 470', '2019-02-09 10:49:07', '2019-02-09 10:49:07'),
(640, 37, 'HS 250h', '2019-02-09 10:49:07', '2019-02-09 10:49:07'),
(641, 37, 'IS 250', '2019-02-09 10:49:07', '2019-02-09 10:49:07'),
(642, 37, 'IS 250C', '2019-02-09 10:49:07', '2019-02-09 10:49:07'),
(643, 37, 'IS 300', '2019-02-09 10:49:07', '2019-02-09 10:49:07'),
(644, 37, 'IS 350', '2019-02-09 10:49:08', '2019-02-09 10:49:08'),
(645, 37, 'IS 350C', '2019-02-09 10:49:08', '2019-02-09 10:49:08'),
(646, 37, 'IS F', '2019-02-09 10:49:08', '2019-02-09 10:49:08'),
(647, 37, 'LFA', '2019-02-09 10:49:08', '2019-02-09 10:49:08'),
(648, 37, 'LS 400', '2019-02-09 10:49:08', '2019-02-09 10:49:08'),
(649, 37, 'LS 430', '2019-02-09 10:49:08', '2019-02-09 10:49:08'),
(650, 37, 'LS 460', '2019-02-09 10:49:08', '2019-02-09 10:49:08'),
(651, 37, 'LS 600h', '2019-02-09 10:49:08', '2019-02-09 10:49:08'),
(652, 37, 'LX 450', '2019-02-09 10:49:08', '2019-02-09 10:49:08'),
(653, 37, 'LX 470', '2019-02-09 10:49:08', '2019-02-09 10:49:08'),
(654, 37, 'LX 570', '2019-02-09 10:49:08', '2019-02-09 10:49:08'),
(655, 37, 'RX 300', '2019-02-09 10:49:08', '2019-02-09 10:49:08'),
(656, 37, 'RX 330', '2019-02-09 10:49:08', '2019-02-09 10:49:08'),
(657, 37, 'RX 350', '2019-02-09 10:49:08', '2019-02-09 10:49:08'),
(658, 37, 'RX 400h', '2019-02-09 10:49:08', '2019-02-09 10:49:08'),
(659, 37, 'RX 450h', '2019-02-09 10:49:08', '2019-02-09 10:49:08'),
(660, 37, 'SC 300', '2019-02-09 10:49:09', '2019-02-09 10:49:09'),
(661, 37, 'SC 400', '2019-02-09 10:49:09', '2019-02-09 10:49:09'),
(662, 37, 'SC 430', '2019-02-09 10:49:09', '2019-02-09 10:49:09'),
(663, 38, 'Aviator', '2019-02-09 10:49:09', '2019-02-09 10:49:09'),
(664, 38, 'Blackwood', '2019-02-09 10:49:09', '2019-02-09 10:49:09'),
(665, 38, 'Continental', '2019-02-09 10:49:09', '2019-02-09 10:49:09'),
(666, 38, 'LS', '2019-02-09 10:49:09', '2019-02-09 10:49:09'),
(667, 38, 'Mark LT', '2019-02-09 10:49:09', '2019-02-09 10:49:09'),
(668, 38, 'Mark VI', '2019-02-09 10:49:09', '2019-02-09 10:49:09'),
(669, 38, 'Mark VII', '2019-02-09 10:49:09', '2019-02-09 10:49:09'),
(670, 38, 'Mark VIII', '2019-02-09 10:49:09', '2019-02-09 10:49:09'),
(671, 38, 'MKS', '2019-02-09 10:49:09', '2019-02-09 10:49:09'),
(672, 38, 'MKT', '2019-02-09 10:49:09', '2019-02-09 10:49:09'),
(673, 38, 'MKX', '2019-02-09 10:49:09', '2019-02-09 10:49:09'),
(674, 38, 'MKZ', '2019-02-09 10:49:09', '2019-02-09 10:49:09'),
(675, 38, 'Navigator', '2019-02-09 10:49:09', '2019-02-09 10:49:09'),
(676, 38, 'Navigator L', '2019-02-09 10:49:09', '2019-02-09 10:49:09'),
(677, 38, 'Town Car', '2019-02-09 10:49:09', '2019-02-09 10:49:09'),
(678, 38, 'Zephyr', '2019-02-09 10:49:09', '2019-02-09 10:49:09'),
(679, 39, 'Elan', '2019-02-09 10:49:10', '2019-02-09 10:49:10'),
(680, 39, 'Elise', '2019-02-09 10:49:10', '2019-02-09 10:49:10'),
(681, 39, 'Esprit', '2019-02-09 10:49:10', '2019-02-09 10:49:10'),
(682, 39, 'Evora', '2019-02-09 10:49:10', '2019-02-09 10:49:10'),
(683, 39, 'Exige', '2019-02-09 10:49:10', '2019-02-09 10:49:10'),
(684, 40, '430', '2019-02-09 10:49:10', '2019-02-09 10:49:10'),
(685, 40, 'Biturbo', '2019-02-09 10:49:10', '2019-02-09 10:49:10'),
(686, 40, 'Coupe', '2019-02-09 10:49:10', '2019-02-09 10:49:10'),
(687, 40, 'GranSport', '2019-02-09 10:49:10', '2019-02-09 10:49:10'),
(688, 40, 'GranTurismo', '2019-02-09 10:49:10', '2019-02-09 10:49:10'),
(689, 40, 'Quattroporte', '2019-02-09 10:49:10', '2019-02-09 10:49:10'),
(690, 40, 'Spyder', '2019-02-09 10:49:10', '2019-02-09 10:49:10'),
(691, 41, '57', '2019-02-09 10:49:10', '2019-02-09 10:49:10'),
(692, 41, '62', '2019-02-09 10:49:10', '2019-02-09 10:49:10'),
(693, 42, '323', '2019-02-09 10:49:10', '2019-02-09 10:49:10'),
(694, 42, '626', '2019-02-09 10:49:10', '2019-02-09 10:49:10'),
(695, 42, '929', '2019-02-09 10:49:10', '2019-02-09 10:49:10'),
(696, 42, 'B-Series Pickup', '2019-02-09 10:49:10', '2019-02-09 10:49:10'),
(697, 42, 'CX-5', '2019-02-09 10:49:10', '2019-02-09 10:49:10'),
(698, 42, 'CX-7', '2019-02-09 10:49:10', '2019-02-09 10:49:10'),
(699, 42, 'CX-9', '2019-02-09 10:49:11', '2019-02-09 10:49:11'),
(700, 42, 'GLC', '2019-02-09 10:49:11', '2019-02-09 10:49:11'),
(701, 42, 'MAZDA2', '2019-02-09 10:49:11', '2019-02-09 10:49:11'),
(702, 42, 'MAZDA3', '2019-02-09 10:49:11', '2019-02-09 10:49:11'),
(703, 42, 'MAZDA5', '2019-02-09 10:49:11', '2019-02-09 10:49:11'),
(704, 42, 'MAZDA6', '2019-02-09 10:49:11', '2019-02-09 10:49:11'),
(705, 42, 'MAZDASPEED3', '2019-02-09 10:49:11', '2019-02-09 10:49:11'),
(706, 42, 'MAZDASPEED6', '2019-02-09 10:49:11', '2019-02-09 10:49:11'),
(707, 42, 'Miata MX5', '2019-02-09 10:49:11', '2019-02-09 10:49:11'),
(708, 42, 'Millenia', '2019-02-09 10:49:11', '2019-02-09 10:49:11'),
(709, 42, 'MPV', '2019-02-09 10:49:11', '2019-02-09 10:49:11'),
(710, 42, 'MX3', '2019-02-09 10:49:11', '2019-02-09 10:49:11'),
(711, 42, 'MX6', '2019-02-09 10:49:11', '2019-02-09 10:49:11'),
(712, 42, 'Navajo', '2019-02-09 10:49:11', '2019-02-09 10:49:11'),
(713, 42, 'Protege', '2019-02-09 10:49:11', '2019-02-09 10:49:11'),
(714, 42, 'Protege5', '2019-02-09 10:49:11', '2019-02-09 10:49:11'),
(715, 42, 'RX-7', '2019-02-09 10:49:11', '2019-02-09 10:49:11'),
(716, 42, 'RX-8', '2019-02-09 10:49:12', '2019-02-09 10:49:12'),
(717, 42, 'Tribute', '2019-02-09 10:49:12', '2019-02-09 10:49:12'),
(718, 43, 'MP4-12C', '2019-02-09 10:49:12', '2019-02-09 10:49:12'),
(719, 44, '190D', '2019-02-09 10:49:12', '2019-02-09 10:49:12'),
(720, 44, '190E', '2019-02-09 10:49:12', '2019-02-09 10:49:12'),
(721, 44, '240D', '2019-02-09 10:49:12', '2019-02-09 10:49:12'),
(722, 44, '300CD', '2019-02-09 10:49:12', '2019-02-09 10:49:12'),
(723, 44, '300CE', '2019-02-09 10:49:12', '2019-02-09 10:49:12'),
(724, 44, '300D', '2019-02-09 10:49:12', '2019-02-09 10:49:12'),
(725, 44, '300E', '2019-02-09 10:49:12', '2019-02-09 10:49:12'),
(726, 44, '300TD', '2019-02-09 10:49:12', '2019-02-09 10:49:12'),
(727, 44, '300TE', '2019-02-09 10:49:12', '2019-02-09 10:49:12'),
(728, 44, 'C220', '2019-02-09 10:49:12', '2019-02-09 10:49:12'),
(729, 44, 'C230', '2019-02-09 10:49:12', '2019-02-09 10:49:12'),
(730, 44, 'C240', '2019-02-09 10:49:12', '2019-02-09 10:49:12'),
(731, 44, 'C250', '2019-02-09 10:49:12', '2019-02-09 10:49:12'),
(732, 44, 'C280', '2019-02-09 10:49:13', '2019-02-09 10:49:13'),
(733, 44, 'C300', '2019-02-09 10:49:13', '2019-02-09 10:49:13'),
(734, 44, 'C320', '2019-02-09 10:49:13', '2019-02-09 10:49:13'),
(735, 44, 'C32 AMG', '2019-02-09 10:49:13', '2019-02-09 10:49:13'),
(736, 44, 'C350', '2019-02-09 10:49:13', '2019-02-09 10:49:13'),
(737, 44, 'C36 AMG', '2019-02-09 10:49:13', '2019-02-09 10:49:13'),
(738, 44, 'C43 AMG', '2019-02-09 10:49:13', '2019-02-09 10:49:13'),
(739, 44, 'C55 AMG', '2019-02-09 10:49:13', '2019-02-09 10:49:13'),
(740, 44, 'C63 AMG', '2019-02-09 10:49:13', '2019-02-09 10:49:13'),
(741, 44, 'CL500', '2019-02-09 10:49:13', '2019-02-09 10:49:13'),
(742, 44, 'CL550', '2019-02-09 10:49:13', '2019-02-09 10:49:13'),
(743, 44, 'CL55 AMG', '2019-02-09 10:49:13', '2019-02-09 10:49:13'),
(744, 44, 'CL600', '2019-02-09 10:49:13', '2019-02-09 10:49:13'),
(745, 44, 'CL63 AMG', '2019-02-09 10:49:13', '2019-02-09 10:49:13'),
(746, 44, 'CL65 AMG', '2019-02-09 10:49:13', '2019-02-09 10:49:13'),
(747, 44, 'CLK320', '2019-02-09 10:49:14', '2019-02-09 10:49:14'),
(748, 44, 'CLK350', '2019-02-09 10:49:14', '2019-02-09 10:49:14'),
(749, 44, 'CLK430', '2019-02-09 10:49:14', '2019-02-09 10:49:14'),
(750, 44, 'CLK500', '2019-02-09 10:49:14', '2019-02-09 10:49:14'),
(751, 44, 'CLK550', '2019-02-09 10:49:14', '2019-02-09 10:49:14'),
(752, 44, 'CLK55 AMG', '2019-02-09 10:49:14', '2019-02-09 10:49:14'),
(753, 44, 'CLK63 AMG', '2019-02-09 10:49:14', '2019-02-09 10:49:14'),
(754, 44, 'CLS500', '2019-02-09 10:49:14', '2019-02-09 10:49:14'),
(755, 44, 'CLS550', '2019-02-09 10:49:14', '2019-02-09 10:49:14'),
(756, 44, 'CLS55 AMG', '2019-02-09 10:49:14', '2019-02-09 10:49:14'),
(757, 44, 'CLS63 AMG', '2019-02-09 10:49:14', '2019-02-09 10:49:14'),
(758, 44, '260E', '2019-02-09 10:49:14', '2019-02-09 10:49:14'),
(759, 44, '280CE', '2019-02-09 10:49:14', '2019-02-09 10:49:14'),
(760, 44, '280E', '2019-02-09 10:49:15', '2019-02-09 10:49:15'),
(761, 44, '400E', '2019-02-09 10:49:15', '2019-02-09 10:49:15'),
(762, 44, '500E', '2019-02-09 10:49:15', '2019-02-09 10:49:15'),
(763, 44, 'E300', '2019-02-09 10:49:15', '2019-02-09 10:49:15'),
(764, 44, 'E320', '2019-02-09 10:49:15', '2019-02-09 10:49:15'),
(765, 44, 'E320 Bluetec', '2019-02-09 10:49:15', '2019-02-09 10:49:15'),
(766, 44, 'E320 CDI', '2019-02-09 10:49:15', '2019-02-09 10:49:15'),
(767, 44, 'E350', '2019-02-09 10:49:15', '2019-02-09 10:49:15');
INSERT INTO `car_models` (`id`, `car_brand_id`, `model_name`, `created_at`, `updated_at`) VALUES
(768, 44, 'E350 Bluetec', '2019-02-09 10:49:15', '2019-02-09 10:49:15'),
(769, 44, 'E400 Hybrid', '2019-02-09 10:49:15', '2019-02-09 10:49:15'),
(770, 44, 'E420', '2019-02-09 10:49:15', '2019-02-09 10:49:15'),
(771, 44, 'E430', '2019-02-09 10:49:15', '2019-02-09 10:49:15'),
(772, 44, 'E500', '2019-02-09 10:49:15', '2019-02-09 10:49:15'),
(773, 44, 'E550', '2019-02-09 10:49:15', '2019-02-09 10:49:15'),
(774, 44, 'E55 AMG', '2019-02-09 10:49:15', '2019-02-09 10:49:15'),
(775, 44, 'E63 AMG', '2019-02-09 10:49:15', '2019-02-09 10:49:15'),
(776, 44, 'G500', '2019-02-09 10:49:15', '2019-02-09 10:49:15'),
(777, 44, 'G550', '2019-02-09 10:49:16', '2019-02-09 10:49:16'),
(778, 44, 'G55 AMG', '2019-02-09 10:49:16', '2019-02-09 10:49:16'),
(779, 44, 'G63 AMG', '2019-02-09 10:49:16', '2019-02-09 10:49:16'),
(780, 44, 'GL320 Bluetec', '2019-02-09 10:49:16', '2019-02-09 10:49:16'),
(781, 44, 'GL320 CDI', '2019-02-09 10:49:16', '2019-02-09 10:49:16'),
(782, 44, 'GL350 Bluetec', '2019-02-09 10:49:16', '2019-02-09 10:49:16'),
(783, 44, 'GL450', '2019-02-09 10:49:16', '2019-02-09 10:49:16'),
(784, 44, 'GL550', '2019-02-09 10:49:16', '2019-02-09 10:49:16'),
(785, 44, 'GLK350', '2019-02-09 10:49:16', '2019-02-09 10:49:16'),
(786, 44, 'ML320', '2019-02-09 10:49:16', '2019-02-09 10:49:16'),
(787, 44, 'ML320 Bluetec', '2019-02-09 10:49:16', '2019-02-09 10:49:16'),
(788, 44, 'ML320 CDI', '2019-02-09 10:49:17', '2019-02-09 10:49:17'),
(789, 44, 'ML350', '2019-02-09 10:49:17', '2019-02-09 10:49:17'),
(790, 44, 'ML350 Bluetec', '2019-02-09 10:49:17', '2019-02-09 10:49:17'),
(791, 44, 'ML430', '2019-02-09 10:49:17', '2019-02-09 10:49:17'),
(792, 44, 'ML450 Hybrid', '2019-02-09 10:49:17', '2019-02-09 10:49:17'),
(793, 44, 'ML500', '2019-02-09 10:49:17', '2019-02-09 10:49:17'),
(794, 44, 'ML550', '2019-02-09 10:49:17', '2019-02-09 10:49:17'),
(795, 44, 'ML55 AMG', '2019-02-09 10:49:17', '2019-02-09 10:49:17'),
(796, 44, 'ML63 AMG', '2019-02-09 10:49:17', '2019-02-09 10:49:17'),
(797, 44, 'R320 Bluetec', '2019-02-09 10:49:17', '2019-02-09 10:49:17'),
(798, 44, 'R320 CDI', '2019-02-09 10:49:17', '2019-02-09 10:49:17'),
(799, 44, 'R350', '2019-02-09 10:49:17', '2019-02-09 10:49:17'),
(800, 44, 'R350 Bluetec', '2019-02-09 10:49:17', '2019-02-09 10:49:17'),
(801, 44, 'R500', '2019-02-09 10:49:17', '2019-02-09 10:49:17'),
(802, 44, 'R63 AMG', '2019-02-09 10:49:17', '2019-02-09 10:49:17'),
(803, 44, '300SD', '2019-02-09 10:49:17', '2019-02-09 10:49:17'),
(804, 44, '300SDL', '2019-02-09 10:49:17', '2019-02-09 10:49:17'),
(805, 44, '300SE', '2019-02-09 10:49:17', '2019-02-09 10:49:17'),
(806, 44, '300SEL', '2019-02-09 10:49:17', '2019-02-09 10:49:17'),
(807, 44, '350SD', '2019-02-09 10:49:18', '2019-02-09 10:49:18'),
(808, 44, '350SDL', '2019-02-09 10:49:18', '2019-02-09 10:49:18'),
(809, 44, '380SE', '2019-02-09 10:49:18', '2019-02-09 10:49:18'),
(810, 44, '380SEC', '2019-02-09 10:49:18', '2019-02-09 10:49:18'),
(811, 44, '380SEL', '2019-02-09 10:49:18', '2019-02-09 10:49:18'),
(812, 44, '400SE', '2019-02-09 10:49:18', '2019-02-09 10:49:18'),
(813, 44, '400SEL', '2019-02-09 10:49:18', '2019-02-09 10:49:18'),
(814, 44, '420SEL', '2019-02-09 10:49:18', '2019-02-09 10:49:18'),
(815, 44, '500SEC', '2019-02-09 10:49:18', '2019-02-09 10:49:18'),
(816, 44, '500SEL', '2019-02-09 10:49:18', '2019-02-09 10:49:18'),
(817, 44, '560SEC', '2019-02-09 10:49:18', '2019-02-09 10:49:18'),
(818, 44, '560SEL', '2019-02-09 10:49:18', '2019-02-09 10:49:18'),
(819, 44, '600SEC', '2019-02-09 10:49:18', '2019-02-09 10:49:18'),
(820, 44, '600SEL', '2019-02-09 10:49:18', '2019-02-09 10:49:18'),
(821, 44, 'S320', '2019-02-09 10:49:18', '2019-02-09 10:49:18'),
(822, 44, 'S350', '2019-02-09 10:49:19', '2019-02-09 10:49:19'),
(823, 44, 'S350 Bluetec', '2019-02-09 10:49:19', '2019-02-09 10:49:19'),
(824, 44, 'S400 Hybrid', '2019-02-09 10:49:19', '2019-02-09 10:49:19'),
(825, 44, 'S420', '2019-02-09 10:49:19', '2019-02-09 10:49:19'),
(826, 44, 'S430', '2019-02-09 10:49:19', '2019-02-09 10:49:19'),
(827, 44, 'S500', '2019-02-09 10:49:19', '2019-02-09 10:49:19'),
(828, 44, 'S550', '2019-02-09 10:49:19', '2019-02-09 10:49:19'),
(829, 44, 'S55 AMG', '2019-02-09 10:49:19', '2019-02-09 10:49:19'),
(830, 44, 'S600', '2019-02-09 10:49:19', '2019-02-09 10:49:19'),
(831, 44, 'S63 AMG', '2019-02-09 10:49:19', '2019-02-09 10:49:19'),
(832, 44, 'S65 AMG', '2019-02-09 10:49:19', '2019-02-09 10:49:19'),
(833, 44, '300SL', '2019-02-09 10:49:19', '2019-02-09 10:49:19'),
(834, 44, '380SL', '2019-02-09 10:49:19', '2019-02-09 10:49:19'),
(835, 44, '380SLC', '2019-02-09 10:49:19', '2019-02-09 10:49:19'),
(836, 44, '500SL', '2019-02-09 10:49:19', '2019-02-09 10:49:19'),
(837, 44, '560SL', '2019-02-09 10:49:19', '2019-02-09 10:49:19'),
(838, 44, '600SL', '2019-02-09 10:49:19', '2019-02-09 10:49:19'),
(839, 44, 'SL320', '2019-02-09 10:49:19', '2019-02-09 10:49:19'),
(840, 44, 'SL500', '2019-02-09 10:49:20', '2019-02-09 10:49:20'),
(841, 44, 'SL550', '2019-02-09 10:49:20', '2019-02-09 10:49:20'),
(842, 44, 'SL55 AMG', '2019-02-09 10:49:20', '2019-02-09 10:49:20'),
(843, 44, 'SL600', '2019-02-09 10:49:20', '2019-02-09 10:49:20'),
(844, 44, 'SL63 AMG', '2019-02-09 10:49:20', '2019-02-09 10:49:20'),
(845, 44, 'SL65 AMG', '2019-02-09 10:49:20', '2019-02-09 10:49:20'),
(846, 44, 'SLK230', '2019-02-09 10:49:20', '2019-02-09 10:49:20'),
(847, 44, 'SLK250', '2019-02-09 10:49:20', '2019-02-09 10:49:20'),
(848, 44, 'SLK280', '2019-02-09 10:49:20', '2019-02-09 10:49:20'),
(849, 44, 'SLK300', '2019-02-09 10:49:20', '2019-02-09 10:49:20'),
(850, 44, 'SLK320', '2019-02-09 10:49:20', '2019-02-09 10:49:20'),
(851, 44, 'SLK32 AMG', '2019-02-09 10:49:20', '2019-02-09 10:49:20'),
(852, 44, 'SLK350', '2019-02-09 10:49:20', '2019-02-09 10:49:20'),
(853, 44, 'SLK55 AMG', '2019-02-09 10:49:20', '2019-02-09 10:49:20'),
(854, 44, 'SLR', '2019-02-09 10:49:20', '2019-02-09 10:49:20'),
(855, 44, 'SLS AMG', '2019-02-09 10:49:20', '2019-02-09 10:49:20'),
(856, 44, 'Sprinter', '2019-02-09 10:49:20', '2019-02-09 10:49:20'),
(857, 45, 'Capri', '2019-02-09 10:49:20', '2019-02-09 10:49:20'),
(858, 45, 'Cougar', '2019-02-09 10:49:21', '2019-02-09 10:49:21'),
(859, 45, 'Grand Marquis', '2019-02-09 10:49:21', '2019-02-09 10:49:21'),
(860, 45, 'Lynx', '2019-02-09 10:49:21', '2019-02-09 10:49:21'),
(861, 45, 'Marauder', '2019-02-09 10:49:21', '2019-02-09 10:49:21'),
(862, 45, 'Mariner', '2019-02-09 10:49:21', '2019-02-09 10:49:21'),
(863, 45, 'Marquis', '2019-02-09 10:49:21', '2019-02-09 10:49:21'),
(864, 45, 'Milan', '2019-02-09 10:49:21', '2019-02-09 10:49:21'),
(865, 45, 'Montego', '2019-02-09 10:49:21', '2019-02-09 10:49:21'),
(866, 45, 'Monterey', '2019-02-09 10:49:21', '2019-02-09 10:49:21'),
(867, 45, 'Mountaineer', '2019-02-09 10:49:21', '2019-02-09 10:49:21'),
(868, 45, 'Mystique', '2019-02-09 10:49:21', '2019-02-09 10:49:21'),
(869, 45, 'Sable', '2019-02-09 10:49:21', '2019-02-09 10:49:21'),
(870, 45, 'Topaz', '2019-02-09 10:49:21', '2019-02-09 10:49:21'),
(871, 45, 'Tracer', '2019-02-09 10:49:21', '2019-02-09 10:49:21'),
(872, 45, 'Villager', '2019-02-09 10:49:21', '2019-02-09 10:49:21'),
(873, 45, 'Zephyr', '2019-02-09 10:49:21', '2019-02-09 10:49:21'),
(874, 46, 'Scorpio', '2019-02-09 10:49:21', '2019-02-09 10:49:21'),
(875, 46, 'XR4Ti', '2019-02-09 10:49:21', '2019-02-09 10:49:21'),
(876, 47, 'Cooper Clubman', '2019-02-09 10:49:21', '2019-02-09 10:49:21'),
(877, 47, 'Cooper S Clubman', '2019-02-09 10:49:21', '2019-02-09 10:49:21'),
(878, 47, 'Cooper Countryman', '2019-02-09 10:49:21', '2019-02-09 10:49:21'),
(879, 47, 'Cooper S Countryman', '2019-02-09 10:49:21', '2019-02-09 10:49:21'),
(880, 47, 'Cooper Coupe', '2019-02-09 10:49:22', '2019-02-09 10:49:22'),
(881, 47, 'Cooper S Coupe', '2019-02-09 10:49:22', '2019-02-09 10:49:22'),
(882, 47, 'Cooper', '2019-02-09 10:49:22', '2019-02-09 10:49:22'),
(883, 47, 'Cooper S', '2019-02-09 10:49:22', '2019-02-09 10:49:22'),
(884, 47, 'Cooper Roadster', '2019-02-09 10:49:22', '2019-02-09 10:49:22'),
(885, 47, 'Cooper S Roadster', '2019-02-09 10:49:22', '2019-02-09 10:49:22'),
(886, 48, '3000GT', '2019-02-09 10:49:22', '2019-02-09 10:49:22'),
(887, 48, 'Cordia', '2019-02-09 10:49:22', '2019-02-09 10:49:22'),
(888, 48, 'Diamante', '2019-02-09 10:49:22', '2019-02-09 10:49:22'),
(889, 48, 'Eclipse', '2019-02-09 10:49:22', '2019-02-09 10:49:22'),
(890, 48, 'Endeavor', '2019-02-09 10:49:22', '2019-02-09 10:49:22'),
(891, 48, 'Expo', '2019-02-09 10:49:22', '2019-02-09 10:49:22'),
(892, 48, 'Galant', '2019-02-09 10:49:22', '2019-02-09 10:49:22'),
(893, 48, 'i', '2019-02-09 10:49:22', '2019-02-09 10:49:22'),
(894, 48, 'Lancer', '2019-02-09 10:49:22', '2019-02-09 10:49:22'),
(895, 48, 'Lancer Evolution', '2019-02-09 10:49:22', '2019-02-09 10:49:22'),
(896, 48, 'Mighty Max', '2019-02-09 10:49:23', '2019-02-09 10:49:23'),
(897, 48, 'Mirage', '2019-02-09 10:49:23', '2019-02-09 10:49:23'),
(898, 48, 'Montero', '2019-02-09 10:49:23', '2019-02-09 10:49:23'),
(899, 48, 'Montero Sport', '2019-02-09 10:49:23', '2019-02-09 10:49:23'),
(900, 48, 'Outlander', '2019-02-09 10:49:23', '2019-02-09 10:49:23'),
(901, 48, 'Outlander Sport', '2019-02-09 10:49:23', '2019-02-09 10:49:23'),
(902, 48, 'Precis', '2019-02-09 10:49:23', '2019-02-09 10:49:23'),
(903, 48, 'Raider', '2019-02-09 10:49:23', '2019-02-09 10:49:23'),
(904, 48, 'Sigma', '2019-02-09 10:49:23', '2019-02-09 10:49:23'),
(905, 48, 'Starion', '2019-02-09 10:49:23', '2019-02-09 10:49:23'),
(906, 48, 'Tredia', '2019-02-09 10:49:23', '2019-02-09 10:49:23'),
(907, 48, 'Van', '2019-02-09 10:49:23', '2019-02-09 10:49:23'),
(908, 49, '200SX', '2019-02-09 10:49:23', '2019-02-09 10:49:23'),
(909, 49, '240SX', '2019-02-09 10:49:23', '2019-02-09 10:49:23'),
(910, 49, '300ZX', '2019-02-09 10:49:23', '2019-02-09 10:49:23'),
(911, 49, '350Z', '2019-02-09 10:49:23', '2019-02-09 10:49:23'),
(912, 49, '370Z', '2019-02-09 10:49:23', '2019-02-09 10:49:23'),
(913, 49, 'Altima', '2019-02-09 10:49:23', '2019-02-09 10:49:23'),
(914, 49, 'Armada', '2019-02-09 10:49:23', '2019-02-09 10:49:23'),
(915, 49, 'Axxess', '2019-02-09 10:49:23', '2019-02-09 10:49:23'),
(916, 49, 'Cube', '2019-02-09 10:49:24', '2019-02-09 10:49:24'),
(917, 49, 'Frontier', '2019-02-09 10:49:24', '2019-02-09 10:49:24'),
(918, 49, 'GT-R', '2019-02-09 10:49:24', '2019-02-09 10:49:24'),
(919, 49, 'Juke', '2019-02-09 10:49:24', '2019-02-09 10:49:24'),
(920, 49, 'Leaf', '2019-02-09 10:49:24', '2019-02-09 10:49:24'),
(921, 49, 'Maxima', '2019-02-09 10:49:24', '2019-02-09 10:49:24'),
(922, 49, 'Murano', '2019-02-09 10:49:24', '2019-02-09 10:49:24'),
(923, 49, 'Murano CrossCabriolet', '2019-02-09 10:49:24', '2019-02-09 10:49:24'),
(924, 49, 'NV', '2019-02-09 10:49:24', '2019-02-09 10:49:24'),
(925, 49, 'NX', '2019-02-09 10:49:24', '2019-02-09 10:49:24'),
(926, 49, 'Pathfinder', '2019-02-09 10:49:24', '2019-02-09 10:49:24'),
(927, 49, 'Pickup', '2019-02-09 10:49:24', '2019-02-09 10:49:24'),
(928, 49, 'Pulsar', '2019-02-09 10:49:24', '2019-02-09 10:49:24'),
(929, 49, 'Quest', '2019-02-09 10:49:24', '2019-02-09 10:49:24'),
(930, 49, 'Rogue', '2019-02-09 10:49:24', '2019-02-09 10:49:24'),
(931, 49, 'Sentra', '2019-02-09 10:49:24', '2019-02-09 10:49:24'),
(932, 49, 'Stanza', '2019-02-09 10:49:24', '2019-02-09 10:49:24'),
(933, 49, 'Titan', '2019-02-09 10:49:25', '2019-02-09 10:49:25'),
(934, 49, 'Van', '2019-02-09 10:49:25', '2019-02-09 10:49:25'),
(935, 49, 'Versa', '2019-02-09 10:49:25', '2019-02-09 10:49:25'),
(936, 49, 'Xterra', '2019-02-09 10:49:25', '2019-02-09 10:49:25'),
(937, 50, '88', '2019-02-09 10:49:25', '2019-02-09 10:49:25'),
(938, 50, 'Achieva', '2019-02-09 10:49:25', '2019-02-09 10:49:25'),
(939, 50, 'Alero', '2019-02-09 10:49:25', '2019-02-09 10:49:25'),
(940, 50, 'Aurora', '2019-02-09 10:49:25', '2019-02-09 10:49:25'),
(941, 50, 'Bravada', '2019-02-09 10:49:25', '2019-02-09 10:49:25'),
(942, 50, 'Custom Cruiser', '2019-02-09 10:49:25', '2019-02-09 10:49:25'),
(943, 50, 'Cutlass', '2019-02-09 10:49:25', '2019-02-09 10:49:25'),
(944, 50, 'Cutlass Calais', '2019-02-09 10:49:25', '2019-02-09 10:49:25'),
(945, 50, 'Cutlass Ciera', '2019-02-09 10:49:25', '2019-02-09 10:49:25'),
(946, 50, 'Cutlass Supreme', '2019-02-09 10:49:25', '2019-02-09 10:49:25'),
(947, 50, 'Firenza', '2019-02-09 10:49:25', '2019-02-09 10:49:25'),
(948, 50, 'Intrigue', '2019-02-09 10:49:25', '2019-02-09 10:49:25'),
(949, 50, 'Ninety-Eight', '2019-02-09 10:49:25', '2019-02-09 10:49:25'),
(950, 50, 'Omega', '2019-02-09 10:49:25', '2019-02-09 10:49:25'),
(951, 50, 'Regency', '2019-02-09 10:49:25', '2019-02-09 10:49:25'),
(952, 50, 'Silhouette', '2019-02-09 10:49:26', '2019-02-09 10:49:26'),
(953, 50, 'Toronado', '2019-02-09 10:49:26', '2019-02-09 10:49:26'),
(954, 51, '405', '2019-02-09 10:49:26', '2019-02-09 10:49:26'),
(955, 51, '504', '2019-02-09 10:49:26', '2019-02-09 10:49:26'),
(956, 51, '505', '2019-02-09 10:49:26', '2019-02-09 10:49:26'),
(957, 51, '604', '2019-02-09 10:49:26', '2019-02-09 10:49:26'),
(958, 52, 'Acclaim', '2019-02-09 10:49:26', '2019-02-09 10:49:26'),
(959, 52, 'Arrow', '2019-02-09 10:49:26', '2019-02-09 10:49:26'),
(960, 52, 'Breeze', '2019-02-09 10:49:26', '2019-02-09 10:49:26'),
(961, 52, 'Caravelle', '2019-02-09 10:49:26', '2019-02-09 10:49:26'),
(962, 52, 'Champ', '2019-02-09 10:49:26', '2019-02-09 10:49:26'),
(963, 52, 'Colt', '2019-02-09 10:49:26', '2019-02-09 10:49:26'),
(964, 52, 'Conquest', '2019-02-09 10:49:26', '2019-02-09 10:49:26'),
(965, 52, 'Gran Fury', '2019-02-09 10:49:26', '2019-02-09 10:49:26'),
(966, 52, 'Grand Voyager', '2019-02-09 10:49:26', '2019-02-09 10:49:26'),
(967, 52, 'Horizon', '2019-02-09 10:49:26', '2019-02-09 10:49:26'),
(968, 52, 'Laser', '2019-02-09 10:49:26', '2019-02-09 10:49:26'),
(969, 52, 'Neon', '2019-02-09 10:49:27', '2019-02-09 10:49:27'),
(970, 52, 'Prowler', '2019-02-09 10:49:27', '2019-02-09 10:49:27'),
(971, 52, 'Reliant', '2019-02-09 10:49:27', '2019-02-09 10:49:27'),
(972, 52, 'Sapporo', '2019-02-09 10:49:27', '2019-02-09 10:49:27'),
(973, 52, 'Scamp', '2019-02-09 10:49:27', '2019-02-09 10:49:27'),
(974, 52, 'Sundance', '2019-02-09 10:49:27', '2019-02-09 10:49:27'),
(975, 52, 'Trailduster', '2019-02-09 10:49:27', '2019-02-09 10:49:27'),
(976, 52, 'Voyager', '2019-02-09 10:49:27', '2019-02-09 10:49:27'),
(977, 53, '1000', '2019-02-09 10:49:27', '2019-02-09 10:49:27'),
(978, 53, '6000', '2019-02-09 10:49:27', '2019-02-09 10:49:27'),
(979, 53, 'Aztek', '2019-02-09 10:49:27', '2019-02-09 10:49:27'),
(980, 53, 'Bonneville', '2019-02-09 10:49:27', '2019-02-09 10:49:27'),
(981, 53, 'Catalina', '2019-02-09 10:49:27', '2019-02-09 10:49:27'),
(982, 53, 'Fiero', '2019-02-09 10:49:27', '2019-02-09 10:49:27'),
(983, 53, 'Firebird', '2019-02-09 10:49:27', '2019-02-09 10:49:27'),
(984, 53, 'G3', '2019-02-09 10:49:27', '2019-02-09 10:49:27'),
(985, 53, 'G5', '2019-02-09 10:49:27', '2019-02-09 10:49:27'),
(986, 53, 'G6', '2019-02-09 10:49:27', '2019-02-09 10:49:27'),
(987, 53, 'G8', '2019-02-09 10:49:27', '2019-02-09 10:49:27'),
(988, 53, 'Grand Am', '2019-02-09 10:49:28', '2019-02-09 10:49:28'),
(989, 53, 'Grand Prix', '2019-02-09 10:49:28', '2019-02-09 10:49:28'),
(990, 53, 'GTO', '2019-02-09 10:49:28', '2019-02-09 10:49:28'),
(991, 53, 'J2000', '2019-02-09 10:49:28', '2019-02-09 10:49:28'),
(992, 53, 'Le Mans', '2019-02-09 10:49:28', '2019-02-09 10:49:28'),
(993, 53, 'Montana', '2019-02-09 10:49:28', '2019-02-09 10:49:28'),
(994, 53, 'Parisienne', '2019-02-09 10:49:28', '2019-02-09 10:49:28'),
(995, 53, 'Phoenix', '2019-02-09 10:49:28', '2019-02-09 10:49:28'),
(996, 53, 'Safari', '2019-02-09 10:49:28', '2019-02-09 10:49:28'),
(997, 53, 'Solstice', '2019-02-09 10:49:28', '2019-02-09 10:49:28'),
(998, 53, 'Sunbird', '2019-02-09 10:49:28', '2019-02-09 10:49:28'),
(999, 53, 'Sunfire', '2019-02-09 10:49:28', '2019-02-09 10:49:28'),
(1000, 53, 'Torrent', '2019-02-09 10:49:28', '2019-02-09 10:49:28'),
(1001, 53, 'Trans Sport', '2019-02-09 10:49:28', '2019-02-09 10:49:28'),
(1002, 53, 'Vibe', '2019-02-09 10:49:28', '2019-02-09 10:49:28'),
(1003, 54, '911', '2019-02-09 10:49:28', '2019-02-09 10:49:28'),
(1004, 54, '924', '2019-02-09 10:49:28', '2019-02-09 10:49:28'),
(1005, 54, '928', '2019-02-09 10:49:28', '2019-02-09 10:49:28'),
(1006, 54, '944', '2019-02-09 10:49:28', '2019-02-09 10:49:28'),
(1007, 54, '968', '2019-02-09 10:49:29', '2019-02-09 10:49:29'),
(1008, 54, 'Boxster', '2019-02-09 10:49:29', '2019-02-09 10:49:29'),
(1009, 54, 'Carrera GT', '2019-02-09 10:49:29', '2019-02-09 10:49:29'),
(1010, 54, 'Cayenne', '2019-02-09 10:49:29', '2019-02-09 10:49:29'),
(1011, 54, 'Cayman', '2019-02-09 10:49:29', '2019-02-09 10:49:29'),
(1012, 54, 'Panamera', '2019-02-09 10:49:29', '2019-02-09 10:49:29'),
(1013, 55, '1500', '2019-02-09 10:49:29', '2019-02-09 10:49:29'),
(1014, 55, '2500', '2019-02-09 10:49:29', '2019-02-09 10:49:29'),
(1015, 55, '3500', '2019-02-09 10:49:29', '2019-02-09 10:49:29'),
(1016, 55, '4500', '2019-02-09 10:49:29', '2019-02-09 10:49:29'),
(1017, 56, '18i', '2019-02-09 10:49:29', '2019-02-09 10:49:29'),
(1018, 56, 'Fuego', '2019-02-09 10:49:29', '2019-02-09 10:49:29'),
(1019, 56, 'Le Car', '2019-02-09 10:49:29', '2019-02-09 10:49:29'),
(1020, 56, 'R18', '2019-02-09 10:49:29', '2019-02-09 10:49:29'),
(1021, 56, 'Sportwagon', '2019-02-09 10:49:29', '2019-02-09 10:49:29'),
(1022, 57, 'Camargue', '2019-02-09 10:49:29', '2019-02-09 10:49:29'),
(1023, 57, 'Corniche', '2019-02-09 10:49:29', '2019-02-09 10:49:29'),
(1024, 57, 'Ghost', '2019-02-09 10:49:30', '2019-02-09 10:49:30'),
(1025, 57, 'Park Ward', '2019-02-09 10:49:30', '2019-02-09 10:49:30'),
(1026, 57, 'Phantom', '2019-02-09 10:49:30', '2019-02-09 10:49:30'),
(1027, 57, 'Silver Dawn', '2019-02-09 10:49:30', '2019-02-09 10:49:30'),
(1028, 57, 'Silver Seraph', '2019-02-09 10:49:30', '2019-02-09 10:49:30'),
(1029, 57, 'Silver Spirit', '2019-02-09 10:49:30', '2019-02-09 10:49:30'),
(1030, 57, 'Silver Spur', '2019-02-09 10:49:30', '2019-02-09 10:49:30'),
(1031, 58, '9-2X', '2019-02-09 10:49:30', '2019-02-09 10:49:30'),
(1032, 58, '9-3', '2019-02-09 10:49:30', '2019-02-09 10:49:30'),
(1033, 58, '9-4X', '2019-02-09 10:49:30', '2019-02-09 10:49:30'),
(1034, 58, '9-5', '2019-02-09 10:49:30', '2019-02-09 10:49:30'),
(1035, 58, '9-7X', '2019-02-09 10:49:30', '2019-02-09 10:49:30'),
(1036, 58, '900', '2019-02-09 10:49:30', '2019-02-09 10:49:30'),
(1037, 58, '9000', '2019-02-09 10:49:30', '2019-02-09 10:49:30'),
(1038, 59, 'Astra', '2019-02-09 10:49:30', '2019-02-09 10:49:30'),
(1039, 59, 'Aura', '2019-02-09 10:49:30', '2019-02-09 10:49:30'),
(1040, 59, 'ION', '2019-02-09 10:49:30', '2019-02-09 10:49:30'),
(1041, 59, 'L100', '2019-02-09 10:49:30', '2019-02-09 10:49:30'),
(1042, 59, 'L200', '2019-02-09 10:49:30', '2019-02-09 10:49:30'),
(1043, 59, 'L300', '2019-02-09 10:49:31', '2019-02-09 10:49:31'),
(1044, 59, 'LS', '2019-02-09 10:49:31', '2019-02-09 10:49:31'),
(1045, 59, 'LW1', '2019-02-09 10:49:31', '2019-02-09 10:49:31'),
(1046, 59, 'LW2', '2019-02-09 10:49:31', '2019-02-09 10:49:31'),
(1047, 59, 'LW200', '2019-02-09 10:49:31', '2019-02-09 10:49:31'),
(1048, 59, 'LW300', '2019-02-09 10:49:31', '2019-02-09 10:49:31'),
(1049, 59, 'Outlook', '2019-02-09 10:49:31', '2019-02-09 10:49:31'),
(1050, 59, 'Relay', '2019-02-09 10:49:31', '2019-02-09 10:49:31'),
(1051, 59, 'SC1', '2019-02-09 10:49:31', '2019-02-09 10:49:31'),
(1052, 59, 'SC2', '2019-02-09 10:49:31', '2019-02-09 10:49:31'),
(1053, 59, 'Sky', '2019-02-09 10:49:31', '2019-02-09 10:49:31'),
(1054, 59, 'SL', '2019-02-09 10:49:31', '2019-02-09 10:49:31'),
(1055, 59, 'SL1', '2019-02-09 10:49:31', '2019-02-09 10:49:31'),
(1056, 59, 'SL2', '2019-02-09 10:49:31', '2019-02-09 10:49:31'),
(1057, 59, 'SW1', '2019-02-09 10:49:31', '2019-02-09 10:49:31'),
(1058, 59, 'SW2', '2019-02-09 10:49:31', '2019-02-09 10:49:31'),
(1059, 59, 'Vue', '2019-02-09 10:49:31', '2019-02-09 10:49:31'),
(1060, 60, 'FR-S', '2019-02-09 10:49:31', '2019-02-09 10:49:31'),
(1061, 60, 'iQ', '2019-02-09 10:49:31', '2019-02-09 10:49:31'),
(1062, 60, 'tC', '2019-02-09 10:49:31', '2019-02-09 10:49:31'),
(1063, 60, 'xA', '2019-02-09 10:49:31', '2019-02-09 10:49:31'),
(1064, 60, 'xB', '2019-02-09 10:49:31', '2019-02-09 10:49:31'),
(1065, 60, 'xD', '2019-02-09 10:49:31', '2019-02-09 10:49:31'),
(1066, 61, 'fortwo', '2019-02-09 10:49:32', '2019-02-09 10:49:32'),
(1067, 62, 'Viper', '2019-02-09 10:49:32', '2019-02-09 10:49:32'),
(1068, 63, '825', '2019-02-09 10:49:32', '2019-02-09 10:49:32'),
(1069, 63, '827', '2019-02-09 10:49:32', '2019-02-09 10:49:32'),
(1070, 64, 'Baja', '2019-02-09 10:49:32', '2019-02-09 10:49:32'),
(1071, 64, 'Brat', '2019-02-09 10:49:32', '2019-02-09 10:49:32'),
(1072, 64, 'BRZ', '2019-02-09 10:49:32', '2019-02-09 10:49:32'),
(1073, 64, 'Forester', '2019-02-09 10:49:32', '2019-02-09 10:49:32'),
(1074, 64, 'Impreza', '2019-02-09 10:49:32', '2019-02-09 10:49:32'),
(1075, 64, 'Impreza WRX', '2019-02-09 10:49:32', '2019-02-09 10:49:32'),
(1076, 64, 'Justy', '2019-02-09 10:49:32', '2019-02-09 10:49:32'),
(1077, 64, 'L Series', '2019-02-09 10:49:32', '2019-02-09 10:49:32'),
(1078, 64, 'Legacy', '2019-02-09 10:49:32', '2019-02-09 10:49:32'),
(1079, 64, 'Loyale', '2019-02-09 10:49:32', '2019-02-09 10:49:32'),
(1080, 64, 'Outback', '2019-02-09 10:49:32', '2019-02-09 10:49:32'),
(1081, 64, 'SVX', '2019-02-09 10:49:32', '2019-02-09 10:49:32'),
(1082, 64, 'Tribeca', '2019-02-09 10:49:32', '2019-02-09 10:49:32'),
(1083, 64, 'XT', '2019-02-09 10:49:32', '2019-02-09 10:49:32'),
(1084, 64, 'XV Crosstrek', '2019-02-09 10:49:32', '2019-02-09 10:49:32'),
(1085, 65, 'Aerio', '2019-02-09 10:49:32', '2019-02-09 10:49:32'),
(1086, 65, 'Equator', '2019-02-09 10:49:33', '2019-02-09 10:49:33'),
(1087, 65, 'Esteem', '2019-02-09 10:49:33', '2019-02-09 10:49:33'),
(1088, 65, 'Forenza', '2019-02-09 10:49:33', '2019-02-09 10:49:33'),
(1089, 65, 'Grand Vitara', '2019-02-09 10:49:33', '2019-02-09 10:49:33'),
(1090, 65, 'Kizashi', '2019-02-09 10:49:33', '2019-02-09 10:49:33'),
(1091, 65, 'Reno', '2019-02-09 10:49:33', '2019-02-09 10:49:33'),
(1092, 65, 'Samurai', '2019-02-09 10:49:33', '2019-02-09 10:49:33'),
(1093, 65, 'Sidekick', '2019-02-09 10:49:33', '2019-02-09 10:49:33'),
(1094, 65, 'Swift', '2019-02-09 10:49:33', '2019-02-09 10:49:33'),
(1095, 65, 'SX4', '2019-02-09 10:49:33', '2019-02-09 10:49:33'),
(1096, 65, 'Verona', '2019-02-09 10:49:33', '2019-02-09 10:49:33'),
(1097, 65, 'Vitara', '2019-02-09 10:49:33', '2019-02-09 10:49:33'),
(1098, 65, 'X-90', '2019-02-09 10:49:33', '2019-02-09 10:49:33'),
(1099, 65, 'XL7', '2019-02-09 10:49:33', '2019-02-09 10:49:33'),
(1100, 66, 'Roadster', '2019-02-09 10:49:33', '2019-02-09 10:49:33'),
(1101, 66, 'Model S', '2019-02-09 10:49:33', '2019-02-09 10:49:33'),
(1102, 67, '4Runner', '2019-02-09 10:49:33', '2019-02-09 10:49:33'),
(1103, 67, 'Avalon', '2019-02-09 10:49:33', '2019-02-09 10:49:33'),
(1104, 67, 'Camry', '2019-02-09 10:49:33', '2019-02-09 10:49:33'),
(1105, 67, 'Celica', '2019-02-09 10:49:33', '2019-02-09 10:49:33'),
(1106, 67, 'Corolla', '2019-02-09 10:49:33', '2019-02-09 10:49:33'),
(1107, 67, 'Corona', '2019-02-09 10:49:33', '2019-02-09 10:49:33'),
(1108, 67, 'Cressida', '2019-02-09 10:49:33', '2019-02-09 10:49:33'),
(1109, 67, 'Echo', '2019-02-09 10:49:33', '2019-02-09 10:49:33'),
(1110, 67, 'FJ Cruiser', '2019-02-09 10:49:34', '2019-02-09 10:49:34'),
(1111, 67, 'Highlander', '2019-02-09 10:49:34', '2019-02-09 10:49:34'),
(1112, 67, 'Land Cruiser', '2019-02-09 10:49:34', '2019-02-09 10:49:34'),
(1113, 67, 'Matrix', '2019-02-09 10:49:34', '2019-02-09 10:49:34'),
(1114, 67, 'MR2', '2019-02-09 10:49:34', '2019-02-09 10:49:34'),
(1115, 67, 'MR2 Spyder', '2019-02-09 10:49:34', '2019-02-09 10:49:34'),
(1116, 67, 'Paseo', '2019-02-09 10:49:34', '2019-02-09 10:49:34'),
(1117, 67, 'Pickup', '2019-02-09 10:49:34', '2019-02-09 10:49:34'),
(1118, 67, 'Previa', '2019-02-09 10:49:34', '2019-02-09 10:49:34'),
(1119, 67, 'Prius', '2019-02-09 10:49:34', '2019-02-09 10:49:34'),
(1120, 67, 'Prius C', '2019-02-09 10:49:34', '2019-02-09 10:49:34'),
(1121, 67, 'Prius V', '2019-02-09 10:49:34', '2019-02-09 10:49:34'),
(1122, 67, 'RAV4', '2019-02-09 10:49:34', '2019-02-09 10:49:34'),
(1123, 67, 'Sequoia', '2019-02-09 10:49:34', '2019-02-09 10:49:34'),
(1124, 67, 'Sienna', '2019-02-09 10:49:34', '2019-02-09 10:49:34'),
(1125, 67, 'Solara', '2019-02-09 10:49:34', '2019-02-09 10:49:34'),
(1126, 67, 'Starlet', '2019-02-09 10:49:34', '2019-02-09 10:49:34'),
(1127, 67, 'Supra', '2019-02-09 10:49:34', '2019-02-09 10:49:34'),
(1128, 67, 'T100', '2019-02-09 10:49:34', '2019-02-09 10:49:34'),
(1129, 67, 'Tacoma', '2019-02-09 10:49:34', '2019-02-09 10:49:34'),
(1130, 67, 'Tercel', '2019-02-09 10:49:35', '2019-02-09 10:49:35'),
(1131, 67, 'Tundra', '2019-02-09 10:49:35', '2019-02-09 10:49:35'),
(1132, 67, 'Van', '2019-02-09 10:49:35', '2019-02-09 10:49:35'),
(1133, 67, 'Venza', '2019-02-09 10:49:35', '2019-02-09 10:49:35'),
(1134, 67, 'Yaris', '2019-02-09 10:49:35', '2019-02-09 10:49:35'),
(1135, 68, 'TR7', '2019-02-09 10:49:35', '2019-02-09 10:49:35'),
(1136, 68, 'TR8', '2019-02-09 10:49:35', '2019-02-09 10:49:35'),
(1137, 69, 'Beetle', '2019-02-09 10:49:35', '2019-02-09 10:49:35'),
(1138, 69, 'Cabrio', '2019-02-09 10:49:35', '2019-02-09 10:49:35'),
(1139, 69, 'Cabriolet', '2019-02-09 10:49:35', '2019-02-09 10:49:35'),
(1140, 69, 'CC', '2019-02-09 10:49:35', '2019-02-09 10:49:35'),
(1141, 69, 'Corrado', '2019-02-09 10:49:35', '2019-02-09 10:49:35'),
(1142, 69, 'Dasher', '2019-02-09 10:49:35', '2019-02-09 10:49:35'),
(1143, 69, 'Eos', '2019-02-09 10:49:35', '2019-02-09 10:49:35'),
(1144, 69, 'Eurovan', '2019-02-09 10:49:35', '2019-02-09 10:49:35'),
(1145, 69, 'Fox', '2019-02-09 10:49:35', '2019-02-09 10:49:35'),
(1146, 69, 'GLI', '2019-02-09 10:49:35', '2019-02-09 10:49:35'),
(1147, 69, 'Golf R', '2019-02-09 10:49:36', '2019-02-09 10:49:36'),
(1148, 69, 'GTI', '2019-02-09 10:49:36', '2019-02-09 10:49:36'),
(1149, 69, 'Golf', '2019-02-09 10:49:36', '2019-02-09 10:49:36'),
(1150, 69, 'Rabbit', '2019-02-09 10:49:36', '2019-02-09 10:49:36'),
(1151, 69, 'Jetta', '2019-02-09 10:49:36', '2019-02-09 10:49:36'),
(1152, 69, 'Passat', '2019-02-09 10:49:36', '2019-02-09 10:49:36'),
(1153, 69, 'Phaeton', '2019-02-09 10:49:36', '2019-02-09 10:49:36'),
(1154, 69, 'Pickup', '2019-02-09 10:49:36', '2019-02-09 10:49:36'),
(1155, 69, 'Quantum', '2019-02-09 10:49:36', '2019-02-09 10:49:36'),
(1156, 69, 'R32', '2019-02-09 10:49:36', '2019-02-09 10:49:36'),
(1157, 69, 'Routan', '2019-02-09 10:49:36', '2019-02-09 10:49:36'),
(1158, 69, 'Scirocco', '2019-02-09 10:49:36', '2019-02-09 10:49:36'),
(1159, 69, 'Tiguan', '2019-02-09 10:49:36', '2019-02-09 10:49:36'),
(1160, 69, 'Touareg', '2019-02-09 10:49:36', '2019-02-09 10:49:36'),
(1161, 69, 'Vanagon', '2019-02-09 10:49:36', '2019-02-09 10:49:36'),
(1162, 70, '240', '2019-02-09 10:49:36', '2019-02-09 10:49:36'),
(1163, 70, '260', '2019-02-09 10:49:36', '2019-02-09 10:49:36'),
(1164, 70, '740', '2019-02-09 10:49:36', '2019-02-09 10:49:36'),
(1165, 70, '760', '2019-02-09 10:49:36', '2019-02-09 10:49:36'),
(1166, 70, '780', '2019-02-09 10:49:36', '2019-02-09 10:49:36'),
(1167, 70, '850', '2019-02-09 10:49:36', '2019-02-09 10:49:36'),
(1168, 70, '940', '2019-02-09 10:49:36', '2019-02-09 10:49:36'),
(1169, 70, '960', '2019-02-09 10:49:36', '2019-02-09 10:49:36'),
(1170, 70, 'C30', '2019-02-09 10:49:36', '2019-02-09 10:49:36'),
(1171, 70, 'C70', '2019-02-09 10:49:36', '2019-02-09 10:49:36'),
(1172, 70, 'S40', '2019-02-09 10:49:36', '2019-02-09 10:49:36'),
(1173, 70, 'S60', '2019-02-09 10:49:37', '2019-02-09 10:49:37'),
(1174, 70, 'S70', '2019-02-09 10:49:37', '2019-02-09 10:49:37'),
(1175, 70, 'S80', '2019-02-09 10:49:37', '2019-02-09 10:49:37'),
(1176, 70, 'S90', '2019-02-09 10:49:37', '2019-02-09 10:49:37'),
(1177, 70, 'V40', '2019-02-09 10:49:37', '2019-02-09 10:49:37'),
(1178, 70, 'V50', '2019-02-09 10:49:37', '2019-02-09 10:49:37'),
(1179, 70, 'V70', '2019-02-09 10:49:37', '2019-02-09 10:49:37'),
(1180, 70, 'V90', '2019-02-09 10:49:37', '2019-02-09 10:49:37'),
(1181, 70, 'XC60', '2019-02-09 10:49:37', '2019-02-09 10:49:37'),
(1182, 70, 'XC70', '2019-02-09 10:49:37', '2019-02-09 10:49:37'),
(1183, 70, 'XC90', '2019-02-09 10:49:37', '2019-02-09 10:49:37'),
(1184, 71, 'GV', '2019-02-09 10:49:37', '2019-02-09 10:49:37'),
(1185, 71, 'GVC', '2019-02-09 10:49:37', '2019-02-09 10:49:37'),
(1186, 71, 'GVL', '2019-02-09 10:49:37', '2019-02-09 10:49:37'),
(1187, 71, 'GVS', '2019-02-09 10:49:37', '2019-02-09 10:49:37'),
(1188, 71, 'GVX', '2019-02-09 10:49:37', '2019-02-09 10:49:37');

-- --------------------------------------------------------

--
-- Table structure for table `customers`
--

CREATE TABLE `customers` (
  `id` int(10) NOT NULL,
  `name` varchar(100) NOT NULL,
  `code` varchar(50) NOT NULL,
  `phone_number` varchar(50) NOT NULL,
  `address` varchar(200) NOT NULL,
  `email` varchar(50) DEFAULT NULL,
  `created_at` datetime NOT NULL,
  `updated_at` datetime NOT NULL,
  `created_by` int(10) NOT NULL,
  `updated_by` int(10) DEFAULT NULL,
  `deleted` tinyint(4) NOT NULL DEFAULT '0',
  `deleted_time` datetime DEFAULT NULL,
  `deleted_by` int(10) DEFAULT NULL
) ENGINE=InnoDB DEFAULT CHARSET=latin1;

--
-- Dumping data for table `customers`
--

INSERT INTO `customers` (`id`, `name`, `code`, `phone_number`, `address`, `email`, `created_at`, `updated_at`, `created_by`, `updated_by`, `deleted`, `deleted_time`, `deleted_by`) VALUES
(1, 'Guest', 'G19891', '', '', '', '2019-02-09 15:03:13', '2019-02-09 15:03:13', 1, NULL, 0, NULL, NULL);

-- --------------------------------------------------------

--
-- Table structure for table `migrations`
--

CREATE TABLE `migrations` (
  `id` int(10) UNSIGNED NOT NULL,
  `migration` varchar(191) COLLATE utf8mb4_unicode_ci NOT NULL,
  `batch` int(11) NOT NULL
) ENGINE=InnoDB DEFAULT CHARSET=utf8mb4 COLLATE=utf8mb4_unicode_ci;

--
-- Dumping data for table `migrations`
--

INSERT INTO `migrations` (`id`, `migration`, `batch`) VALUES
(1, '2014_10_12_000000_create_users_table', 1),
(2, '2014_10_12_100000_create_password_resets_table', 1),
(3, '2016_06_01_000001_create_oauth_auth_codes_table', 2),
(4, '2016_06_01_000002_create_oauth_access_tokens_table', 2),
(5, '2016_06_01_000003_create_oauth_refresh_tokens_table', 2),
(6, '2016_06_01_000004_create_oauth_clients_table', 2),
(7, '2016_06_01_000005_create_oauth_personal_access_clients_table', 2);

-- --------------------------------------------------------

--
-- Table structure for table `oauth_access_tokens`
--

CREATE TABLE `oauth_access_tokens` (
  `id` varchar(100) COLLATE utf8mb4_unicode_ci NOT NULL,
  `user_id` int(11) DEFAULT NULL,
  `client_id` int(10) UNSIGNED NOT NULL,
  `name` varchar(191) COLLATE utf8mb4_unicode_ci DEFAULT NULL,
  `scopes` text COLLATE utf8mb4_unicode_ci,
  `revoked` tinyint(1) NOT NULL,
  `created_at` timestamp NULL DEFAULT NULL,
  `updated_at` timestamp NULL DEFAULT NULL,
  `expires_at` datetime DEFAULT NULL
) ENGINE=InnoDB DEFAULT CHARSET=utf8mb4 COLLATE=utf8mb4_unicode_ci;

--
-- Dumping data for table `oauth_access_tokens`
--

INSERT INTO `oauth_access_tokens` (`id`, `user_id`, `client_id`, `name`, `scopes`, `revoked`, `created_at`, `updated_at`, `expires_at`) VALUES
('033006a8e188624ed69c4dba685162bd1508ea859519ff1e415dcef0533446ee1112c34677673b2b', 12, 2, NULL, '[]', 0, '2019-01-27 04:41:27', '2019-01-27 04:41:27', '2020-01-27 04:41:27'),
('0507792ab5e4c649af5ae44d5985832ef61a78deac6f6d6a936694f5e396d067837c951d15d22a38', 12, 2, NULL, '[]', 0, '2019-01-27 13:36:33', '2019-01-27 13:36:33', '2020-01-27 13:36:33'),
('066608d3ba583e99395dbf631e9188f55bcadf6c7dd5dca0e24801ea655331272fb42c8cbbfdcdeb', 12, 2, NULL, '[]', 0, '2019-01-27 14:21:06', '2019-01-27 14:21:06', '2020-01-27 14:21:06'),
('07c6bc6443faef15f0d75cb44ee27d213bf05a7e494fa9f48e18eb54825e9beb1e1d7334c16f3d46', 12, 2, NULL, '[]', 0, '2019-01-27 17:11:49', '2019-01-27 17:11:49', '2019-01-27 17:12:49'),
('091c3a721ad4728c4694d01de504c6b84f24945243f44f449720523fa5ed8842e8da36e5936ba24f', 12, 2, NULL, '[]', 0, '2019-01-27 02:12:35', '2019-01-27 02:12:35', '2020-01-27 02:12:35'),
('0ced30b46bcc103e502888049f1c9f89cb9ddba2822327508f8856d319deca786e8129b78959b2a9', 17, 2, NULL, '[]', 0, '2019-02-04 03:07:45', '2019-02-04 03:07:45', '2020-02-04 03:07:45'),
('0e0f1aa10d3b571d7737f8463f8fc11039b2ff18f7ffcd33c0c9f290c3d5547bd9e94944c2b03a09', 12, 2, NULL, '[]', 0, '2019-01-30 09:56:16', '2019-01-30 09:56:16', '2020-01-30 09:56:16'),
('12d5a93ed6f7cee9df1f867f2b4afcda4c60b8e2542242a5fec88824cc1e1f7c6043c5933b9796aa', 12, 2, NULL, '[]', 0, '2019-01-27 04:05:24', '2019-01-27 04:05:24', '2020-01-27 04:05:24'),
('15c6a3815ed2d8ed008139721c8e3f6bf00f7d688748868ba454693ec856478ceb9e7471e51d2b6b', 12, 2, NULL, '[]', 0, '2019-01-27 14:55:30', '2019-01-27 14:55:30', '2020-01-27 14:55:30'),
('170aeabc111b9aa050692629e614b83c15d3f89d40c8906edaf762c90e736667e481716ec77ca90f', 12, 2, NULL, '[]', 0, '2019-01-27 15:58:51', '2019-01-27 15:58:51', '2020-01-27 15:58:51'),
('17cf3fad2f604baa350c0695cb0daecb18a00a6b57b76934d70b7152d66f913a0db10db1d345e3c8', 1, 2, NULL, '[]', 0, '2019-01-27 12:28:26', '2019-01-27 12:28:26', '2020-01-27 12:28:26'),
('185e864035d82687effa54a5c55b5e0b9e988bf60c716f2a2db51ee6d70a9f966cf1ecbe8cdde72b', 12, 2, NULL, '[]', 0, '2019-01-27 12:38:02', '2019-01-27 12:38:02', '2020-01-27 12:38:02'),
('19d92bbe40673786f7ee9bfb2da03b7d3dcb9ddb8ca244e4c3d09222f36653e39b2ddbbb3ca33dbe', 12, 2, NULL, '[]', 0, '2019-01-27 04:45:51', '2019-01-27 04:45:51', '2020-01-27 04:45:51'),
('1f63b0bd01106b61bac78b70aed2e5b33f3c5768163eb206e4694f270af1b909593d29ee0fef9cc4', 12, 2, NULL, '[]', 0, '2019-01-27 12:35:25', '2019-01-27 12:35:25', '2020-01-27 12:35:25'),
('211716c7acfda4550a257d0c67d6319b972fd12ad16d32375b4913b1e8c2162abb6a12563130ac05', 12, 2, NULL, '[]', 0, '2019-01-27 20:26:18', '2019-01-27 20:26:18', '2019-01-27 20:27:18'),
('243cbd34b5a1e2c49a277003454601b2b460a1449ad35a7302ad95692ec0a8ccce1895de9d2a698d', 12, 2, NULL, '[]', 0, '2019-01-27 15:47:22', '2019-01-27 15:47:22', '2020-01-27 15:47:22'),
('27d4dbec4feec9481f0fbd0b29e776d93279fd1923617a9644e42317373c94724f81c98e945ec6b7', 1, 2, NULL, '[]', 0, '2019-02-03 22:15:19', '2019-02-03 22:15:19', '2020-02-03 22:15:19'),
('28b53a26d37b3157ff523ed093cec850ef83d466c920046979945af132208083d714ff55c3fb1868', 12, 2, NULL, '[]', 0, '2019-01-27 14:56:54', '2019-01-27 14:56:54', '2020-01-27 14:56:54'),
('29165daddca4ba010d54839bd208d0b67b91d3f9f61eb42b9e703620d256e00298762d32a4ac8977', 1, 2, NULL, '[]', 0, '2019-02-04 02:37:48', '2019-02-04 02:37:48', '2020-02-04 02:37:48'),
('29aaf63058cbbaeb14da4f8599ff0d33cc51a2fd632e74daf382332c5b3f1efe492c1ec3a95372a5', 12, 2, NULL, '[]', 0, '2019-01-27 16:24:17', '2019-01-27 16:24:17', '2020-01-27 16:24:17'),
('29b36819e1fb5866144b85c15a24dfd57f2e89df31d250dd5f57366e08f94b36a58179ea28a2eba8', 12, 2, NULL, '[]', 0, '2019-01-27 15:24:50', '2019-01-27 15:24:50', '2020-01-27 15:24:50'),
('2a7742fd2c087ee27b79c33ffd3618613667e95517dd84f414cdf97de427c869efd6e4268ef3c822', 12, 2, NULL, '[]', 0, '2019-01-27 15:30:44', '2019-01-27 15:30:44', '2020-01-27 15:30:44'),
('2b61b91a38d54d2ca11c95d0d6b4acd80882db8bcf1520b3bfa7b44d1bdda3c36d832b27c47db485', 12, 2, NULL, '[]', 0, '2019-01-27 12:55:52', '2019-01-27 12:55:52', '2020-01-27 12:55:52'),
('2b81edc6d773c3b9f77e91260eb0ae73c36efe3bc999358367ef4ef419454b95bcc25adae20eac81', 12, 2, NULL, '[]', 0, '2019-01-27 13:03:55', '2019-01-27 13:03:55', '2020-01-27 13:03:55'),
('32f5716b47bb1f41d7b67b31a6765ff248aa1f34681dd2295256cd46d6c9a94dfc1441c06fad0f7f', 12, 2, NULL, '[]', 0, '2019-01-27 17:05:59', '2019-01-27 17:05:59', '2019-01-27 17:06:59'),
('34b66ba312968c1cbe150c39552bcdf102d7cfa1e5ab66ee153e4f03139618eb1781e404b5d8964b', 15, 2, NULL, '[]', 0, '2019-02-04 09:57:50', '2019-02-04 09:57:50', '2020-02-04 09:57:50'),
('373506a425049f8c934f4b41f385f940af19ac14877857159f6f1f290c7cd78b0634291104648d7f', 12, 2, NULL, '[]', 0, '2019-01-27 01:50:26', '2019-01-27 01:50:26', '2020-01-27 01:50:26'),
('3857361a438c1b4f85fa045785877c2a94e217e9cdc6c475e6d328ac1066e729ece28e855b51cd86', 12, 2, NULL, '[]', 0, '2019-01-27 13:14:27', '2019-01-27 13:14:27', '2020-01-27 13:14:27'),
('39bc0630a1137f2dd985823c3052efa0500bde1fd5096e662359e0a2e6ef14ce368d8e13ba0d6558', 12, 2, NULL, '[]', 0, '2019-01-27 04:12:29', '2019-01-27 04:12:29', '2020-01-27 04:12:29'),
('3c6d10124dbe051a44a186696fcfcec912ee868bc8e4a027787c24d26650f1f2bbb847d0c5e87a3c', 1, 1, 'Testing', '[]', 0, '2019-01-15 02:12:12', '2019-01-15 02:12:12', '2020-01-15 02:12:12'),
('452c8b5f2f4daa7542be064d4e13dcae76c62112a7fb2d3cd14a03944e569298bfd88aedde871d98', 12, 2, NULL, '[]', 0, '2019-01-27 15:36:37', '2019-01-27 15:36:37', '2020-01-27 15:36:37'),
('4687e816a1dfe5e8e7109fb34753ac304bfc16ac2109d98090de6bc18ebdbdf6556ccac2fa581ca6', 12, 2, NULL, '[]', 0, '2019-01-27 02:35:09', '2019-01-27 02:35:09', '2020-01-27 02:35:09'),
('4b51805333d4d1816f3e5119def05cad81c6a1d7da0097149153ae93cd1d65359feefe5cf367efb0', 12, 2, NULL, '[]', 0, '2019-01-27 04:43:03', '2019-01-27 04:43:03', '2020-01-27 04:43:03'),
('4ca4ceaed62f52309acaa38d0bb19ffd539a56f8f3172f36aec2d8eb1c13216e0803f979f1646d18', 12, 2, NULL, '[]', 0, '2019-01-27 02:08:22', '2019-01-27 02:08:22', '2020-01-27 02:08:22'),
('4e501b1774810312e2435bf1e92595e4d9251962cfa6e6fea32f6fa7dcbe2626250a797b53353af9', 12, 2, NULL, '[]', 0, '2019-01-27 17:31:09', '2019-01-27 17:31:09', '2019-01-27 17:32:09'),
('51ed3512d7c95ecf378700a6b38289262695ddb9f2dbbd382a8178791e77022b4aad65899a61a4be', 12, 2, NULL, '[]', 0, '2019-01-26 21:14:56', '2019-01-26 21:14:56', '2020-01-26 21:14:56'),
('52041aca35424932ddfe5ff7db4d3fe798b6be8a7fe5f4137a410a69cadd12031324145f8b00b9e5', 12, 2, NULL, '[]', 0, '2019-01-27 04:32:46', '2019-01-27 04:32:46', '2020-01-27 04:32:46'),
('536fd7b86b758b3c22f0ea9a343c155342c37f75a7a9627deef3a3e01a3bdd1f5a76d74c124134cf', 12, 2, NULL, '[]', 0, '2019-01-27 12:29:49', '2019-01-27 12:29:49', '2020-01-27 12:29:49'),
('54e4d9000520fa24399e07c9690df10b0356c694aa880917526f501552f5bb75a0723baa6f9cf418', 12, 2, NULL, '[]', 0, '2019-01-27 02:26:42', '2019-01-27 02:26:42', '2020-01-27 02:26:42'),
('59b49fe4b41a50fcf4b833b7a7291d501805be7adc72f99fcb445c90db97106385063cb82df9f410', 12, 2, NULL, '[]', 0, '2019-01-27 15:43:11', '2019-01-27 15:43:11', '2020-01-27 15:43:11'),
('5b3975225b72c29facdb42fcd068d99d9e12471a53913a1ef5e4a1ad6d37e066a772efb916bd7822', 12, 2, NULL, '[]', 0, '2019-01-27 20:13:21', '2019-01-27 20:13:21', '2019-01-27 20:14:21'),
('5b9ea90cd158d690c48761aaf0ccebe513fd3850979fa4b76cb70bc752bcd7f3eeb856f1729d8fa2', 1, 2, NULL, '[]', 0, '2019-01-27 15:03:59', '2019-01-27 15:03:59', '2020-01-27 15:03:59'),
('623aaf8970ccdc6ec3ed78b0dcc0e61f040a866a176b95b3a8d9883ba8b226cc0aea6a23fdf64558', 12, 2, NULL, '[]', 0, '2019-01-27 12:58:34', '2019-01-27 12:58:34', '2020-01-27 12:58:34'),
('70aace7ee486fac27671e1b127c6e6a894cfa0c122944715dba03b39339627adb8db8c10dc5e6621', 12, 2, NULL, '[]', 0, '2019-01-27 04:09:15', '2019-01-27 04:09:15', '2020-01-27 04:09:15'),
('71ce124bf6e5730e51e3e51b1e3d2b358a7d4daf8094cb5af5a92aa94be586b6c5e3dac88f0d2b42', 12, 2, NULL, '[]', 0, '2019-01-27 17:09:17', '2019-01-27 17:09:17', '2019-01-27 17:10:17'),
('76cf0b2539fa986e3dbcc601fc5ec03bab93a95107aaad9d0871f79550ddb3fc269cfb6ebae0681a', 12, 2, NULL, '[]', 0, '2019-02-03 22:02:58', '2019-02-03 22:02:58', '2020-02-03 22:02:58'),
('7a23f092d992ecc31af5856eba0334bc6f0c8f2d220f2abe6b6461c7e78995f9bcb5dd611adaa401', 14, 2, NULL, '[]', 0, '2019-02-04 02:17:27', '2019-02-04 02:17:27', '2020-02-04 02:17:27'),
('7b766e0ea9bf58bb14417bb03808d8949d89bc7baccb7c63b3725f3c0feab082163f9b93b1f32139', 12, 2, NULL, '[]', 0, '2019-01-27 03:40:33', '2019-01-27 03:40:33', '2020-01-27 03:40:33'),
('7ba6a65672cb023995945ac6dec6d9f21daadf67d7729d9c4ff0f6d27715979811096f8b2e707c97', 12, 2, NULL, '[]', 0, '2019-01-27 15:32:20', '2019-01-27 15:32:20', '2020-01-27 15:32:20'),
('7df25fc82207ee6486d5c31abccc8a4a1644d612ed31e0d5efe05c7475db6fff869e64f6a9f89144', 12, 2, NULL, '[]', 0, '2019-01-27 02:22:06', '2019-01-27 02:22:06', '2020-01-27 02:22:06'),
('82dc898785b1b70a97d5d24038603bd19e901425a452f211e0d25fb01afde139a4a99529c15cc0df', 12, 2, NULL, '[]', 0, '2019-01-27 01:34:53', '2019-01-27 01:34:53', '2020-01-27 01:34:53'),
('8502791ab4ea07fae835a0b679a739d33d053891418ff58fe1a3df3120d86ffc88726989dbe6515f', 12, 2, NULL, '[]', 0, '2019-01-27 01:12:10', '2019-01-27 01:12:10', '2020-01-27 01:12:10'),
('8548c5271c3cfd98993c5940e678450178abb5a20e94c10cf23fa43cd3de58a483da85e6bffc24a8', 12, 2, NULL, '[]', 0, '2019-01-27 12:51:20', '2019-01-27 12:51:20', '2020-01-27 12:51:20'),
('88e8a5999ec27db532dabaa087d99519e362397340fa01994a4d35cc8918669f53941d614a57c54e', 12, 2, NULL, '[]', 0, '2019-01-30 10:12:48', '2019-01-30 10:12:48', '2020-01-30 10:12:48'),
('89feafcd41afc96d2e71ba12ec2df5b0a4944aa99880da8ccd4eb2e3cc5bb1724ede71c3cec1efce', 12, 2, NULL, '[]', 0, '2019-01-27 16:32:29', '2019-01-27 16:32:29', '2019-01-27 16:33:28'),
('8a094765197330fb10e3a7fb89e10defeaf4c96bf2d35293c15d56329098c1242eb24adfd49cd0ed', 12, 2, NULL, '[]', 0, '2019-01-27 04:31:44', '2019-01-27 04:31:44', '2020-01-27 04:31:44'),
('8d0c5b9531e889b85468ab9584b7ddde54fab2a5ced733e225417e6b4aa055a383f9f47f6bfd04e4', 1, 2, NULL, '[]', 0, '2019-02-04 03:06:34', '2019-02-04 03:06:34', '2020-02-04 03:06:34'),
('8deba6c1208da63e0ffe5df61fd81c8788964ca7dda3358e69f34e2530f691a86a73ed67cbfd8940', 12, 2, NULL, '[]', 0, '2019-01-27 02:09:20', '2019-01-27 02:09:20', '2020-01-27 02:09:20'),
('8fd0f5116c2f7bf364f71c5e326b9eb4320699c65c911d1522efe21034ef1c110c26a00aa2d61480', 12, 2, NULL, '[]', 0, '2019-01-27 02:27:57', '2019-01-27 02:27:57', '2020-01-27 02:27:57'),
('9494150a9cdf61d2c9462aeac6e1792be2adabadb20d91e735ac7e6d19f107f1fa1043c552070b1b', 12, 2, NULL, '[]', 0, '2019-01-27 05:02:53', '2019-01-27 05:02:53', '2020-01-27 05:02:53'),
('9aeecd5b2cb7290ada2743e83b22187af51a4dc7de74094ca7baa3b75daa55483b18fc4eaafd3a3f', 12, 2, NULL, '[]', 0, '2019-01-26 21:24:49', '2019-01-26 21:24:49', '2020-01-26 21:24:49'),
('9b13abe3066e87c6deb96c1b5e8777ca4880baa301ce6d48fa2d2d459427a97b0a7a4ab0a709906a', 12, 2, NULL, '[]', 0, '2019-01-27 02:34:14', '2019-01-27 02:34:14', '2020-01-27 02:34:14'),
('9b41f092cd03e072260da5bd46f8225d05efecd7a253bb72b977dd633febd8bee8ca78ad01f695a3', 12, 2, NULL, '[]', 0, '2019-01-27 13:17:43', '2019-01-27 13:17:43', '2020-01-27 13:17:43'),
('a050f9b58438de1332030122b244fcb0b031321903deec8d54e934efb4f8f35a0004ee834357d4f8', 12, 2, NULL, '[]', 0, '2019-01-27 04:42:41', '2019-01-27 04:42:41', '2020-01-27 04:42:41'),
('a2375abbfff07e1e79bf67f148bb3270d13659d4d48a65f01f28f68ce68d786bbfe1f983fcea840a', 12, 2, NULL, '[]', 0, '2019-01-27 04:10:30', '2019-01-27 04:10:30', '2020-01-27 04:10:30'),
('a2754274aed7b4ea935347a656fbe2dfc5e8c100a983cff0cd0fae3ebfb70e1989a54d285411502f', 12, 2, NULL, '[]', 0, '2019-01-27 02:04:53', '2019-01-27 02:04:53', '2020-01-27 02:04:53'),
('a348a643a0c581b599a6ebb8002f1d645ddd7d41ddcc80945ea14510e85fec1fd50f07bfd12a5800', 12, 2, NULL, '[]', 0, '2019-01-27 16:35:59', '2019-01-27 16:35:59', '2019-01-27 16:36:58'),
('a40062d37e1bf72d91c370a17660a33037bb12267de230fbb9fd9c6a40c017fa68d382ccde959da4', 12, 2, NULL, '[]', 0, '2019-01-27 01:31:11', '2019-01-27 01:31:11', '2020-01-27 01:31:11'),
('a4efd4c243fe5dcff90a735a15400e7d529a6a79cde8214caa449ee42d7ecd8a664e8cd20607c167', 12, 2, NULL, '[]', 0, '2019-01-27 02:11:09', '2019-01-27 02:11:09', '2020-01-27 02:11:09'),
('a4f1c39f850dc00c6e7cde5e0e015e7cf2ac024bacb05bd60ee230c1e59d28d6e38dad496a22eb92', 12, 2, NULL, '[]', 0, '2019-02-03 22:01:24', '2019-02-03 22:01:24', '2020-02-03 22:01:24'),
('a568a33de22adc71ebdcc90dfeda849d4024c77c8d0b00ab2feef53ce17e4ecabb9af8905b41f522', 12, 2, NULL, '[]', 0, '2019-01-27 17:00:18', '2019-01-27 17:00:18', '2019-01-27 17:01:18'),
('a8f1f6e750dbc3d9e16737468235ec6034edfe31fc5640abe13179cba0fb6458b560df5c5b982dff', 12, 2, NULL, '[]', 0, '2019-01-27 01:41:55', '2019-01-27 01:41:55', '2020-01-27 01:41:55'),
('aedd121be614e8f4649c6982a8a415b5089c38a5490bf6a9fafdfd01d1951741c5cf410fc5b16ea2', 12, 2, NULL, '[]', 0, '2019-01-27 20:28:43', '2019-01-27 20:28:43', '2019-01-27 20:29:43'),
('b05d1f054e0e323190cc1dff8fd238018f8f137fa8a8d3b214f2c8188b82c124c5ad45849e1e117f', 12, 2, NULL, '[]', 0, '2019-01-27 15:26:12', '2019-01-27 15:26:12', '2020-01-27 15:26:12'),
('b08c00221617f3953fa23d6298c2074e48b255367131e58945c0dfe894ad5131c3162901b29096bc', 12, 2, NULL, '[]', 0, '2019-01-27 04:42:08', '2019-01-27 04:42:08', '2020-01-27 04:42:08'),
('b0a1b070b6a40271ca01ae9202eb343e2be2bb777fd0913de3d4ccc1d8379c5fba5518801a21ed79', 12, 2, NULL, '[]', 0, '2019-01-27 17:13:36', '2019-01-27 17:13:36', '2019-01-27 17:14:36'),
('b43e1b12a521ac60d121f11f1fd97e53e56ba84e95edec22378e46396e53d08e9d59849dc669096b', 13, 2, NULL, '[]', 0, '2019-01-29 22:30:50', '2019-01-29 22:30:50', '2020-01-29 22:30:50'),
('b49f50a9c39f67968654a94b468ddaf280a6c37cb0fab59e036461d81a7684509f819d31493bf7e5', 12, 2, NULL, '[]', 0, '2019-01-27 12:25:52', '2019-01-27 12:25:52', '2020-01-27 12:25:52'),
('b6a0231dfa40c1a1ef399507f742fff64711ec68f82b7c7857fa7a0780f993f0d9df4915c3d6de82', 12, 2, NULL, '[]', 0, '2019-01-27 14:23:46', '2019-01-27 14:23:46', '2020-01-27 14:23:46'),
('b83b86c26fda3d54a8d33e8a5e5fdd5471d11ad087903c8c66e89de6d1f275c9c67451d0b8cf9c1b', 12, 2, NULL, '[]', 0, '2019-01-27 03:45:18', '2019-01-27 03:45:18', '2020-01-27 03:45:18'),
('b9bac544184b60918d67d04fe0f5cccbcb53c0bc685b6960274fc2eddd30b22d7bc59fe20342dbe1', 12, 2, NULL, '[]', 0, '2019-01-27 04:46:54', '2019-01-27 04:46:54', '2020-01-27 04:46:54'),
('bded0aad035e265fc21604b925254359c2911c4deba80e90bbcb61f347220784ad479eac0c7aa013', 12, 2, NULL, '[]', 0, '2019-02-03 22:00:51', '2019-02-03 22:00:51', '2020-02-03 22:00:51'),
('be460ec0aa745a726855cb1f01cb812335071c7a29bb7cd5157cce5b5a2834ddf335a29e28116e1d', 12, 2, NULL, '[]', 0, '2019-01-27 04:15:19', '2019-01-27 04:15:19', '2020-01-27 04:15:19'),
('be6e5ae527e73538f4ee131c0a3a10ed17e63b95cd5698e416344d8347170ff2f101489e40b1a9ec', 12, 2, NULL, '[]', 0, '2019-01-27 02:29:45', '2019-01-27 02:29:45', '2020-01-27 02:29:45'),
('c9c5a2ac848a86e85f39195dbe70d86aa46effdafcaf16f8515af596a23da841632e91ad4ad7346b', 12, 2, NULL, '[]', 0, '2019-01-27 12:47:29', '2019-01-27 12:47:29', '2020-01-27 12:47:29'),
('cb3c19efb38e79d15093a05c6e529ce6bcb78956881b46b60cdabc923df6e2e225b69d70ceafc481', 1, 2, NULL, '[]', 0, '2019-02-04 02:50:31', '2019-02-04 02:50:31', '2020-02-04 02:50:31'),
('ce31931c9cbf78e49799de4398825763cc44b84e378185d29f2f6592e4f9588fcf28a6ffc7a43b12', 12, 2, NULL, '[]', 0, '2019-01-27 12:49:03', '2019-01-27 12:49:03', '2020-01-27 12:49:03'),
('cfa9a6ee9b262ee15048ff6fc2ad56994987072ea62bc4d8107fe7d8bbfd2f34002ebbf281d8aa35', 12, 2, NULL, '[]', 0, '2019-01-27 19:48:51', '2019-01-27 19:48:51', '2019-01-27 19:49:51'),
('cfad7022901257a6284b9f420c7929b63a647b2f6a6abe3063f2157af005fa42b58e519c9098cc4b', 12, 2, NULL, '[]', 0, '2019-01-27 04:02:42', '2019-01-27 04:02:42', '2020-01-27 04:02:42'),
('d0aa7ddf29a94d6c54ebad1bc1179678c1b67784ba1aab9043675fa9f01121b917e035e614e45dd1', 12, 2, NULL, '[]', 0, '2019-01-27 19:45:40', '2019-01-27 19:45:40', '2019-01-27 19:46:40'),
('d313765ddee62b4eca576c3ed83bbbc53669cc21d95781c403e84100c87c5466c78bf9cd63c084fd', 12, 2, NULL, '[]', 0, '2019-01-27 12:53:57', '2019-01-27 12:53:57', '2020-01-27 12:53:57'),
('d53ba2bde9af336bec8b6df7c016fb3ff2ef4558e17c827b55f1fce84c4c9af8c545bf97279f404e', 12, 2, NULL, '[]', 0, '2019-01-27 12:52:03', '2019-01-27 12:52:03', '2020-01-27 12:52:03'),
('d5ff1e53183463dd927b918c8df199a766b901cb9f54fe5b876833aae31d4e9711f615f589203067', 1, 2, NULL, '[]', 0, '2019-02-04 02:12:50', '2019-02-04 02:12:50', '2020-02-04 02:12:50'),
('d93150f68e8d34c65924398de9375dbe50413b562e71062425bd9de3b8408d4d67513dd0e6d1f32c', 12, 2, NULL, '[]', 0, '2019-01-27 14:17:24', '2019-01-27 14:17:24', '2020-01-27 14:17:24'),
('d961261405337cfe365ca4ca10a88a42f43309fcdcb3dcf13b566cd9ebcba7479d67c5fff0619917', 12, 2, NULL, '[]', 0, '2019-01-27 15:31:35', '2019-01-27 15:31:35', '2020-01-27 15:31:35'),
('dbf0b067f06e45aea5057b7b4eae2484500aa513adb1d430647629e1e234848915a122635d79caa5', 12, 2, NULL, '[]', 0, '2019-01-27 13:13:18', '2019-01-27 13:13:18', '2020-01-27 13:13:18'),
('e3539f7a0d62cc2782d036e60be884b51cfd8a74c63c9862c5d6bd594e36fc5119796b695fbf9af8', 12, 2, NULL, '[]', 0, '2019-01-27 02:21:23', '2019-01-27 02:21:23', '2020-01-27 02:21:23'),
('e3e40f92fe76eb591aa2806ef1f18c118cd125b5810a809d3d8e7c805697e2c31ea5704c72de281e', 12, 2, NULL, '[]', 0, '2019-01-27 02:31:00', '2019-01-27 02:31:00', '2020-01-27 02:31:00'),
('e3e68b33636cc12f7d2f1f4b55d0e19a1ba2bb18e4b893ac836dcfdee4c1127f3747f768a77531a1', 12, 2, NULL, '[]', 0, '2019-01-27 05:00:15', '2019-01-27 05:00:15', '2020-01-27 05:00:15'),
('e51305af6f3315a6a46eccfe5ca75912bc2aeae31b2ee06be2b181b21a1609cecdb74bd29ad32324', 12, 2, NULL, '[]', 0, '2019-01-27 16:50:40', '2019-01-27 16:50:40', '2019-01-27 16:51:40'),
('e6182daed9ac699be62012240c39db811941b26794b357d878bc5fcb6e81189db6984d58f0d1cd36', 12, 2, NULL, '[]', 0, '2019-02-04 02:40:43', '2019-02-04 02:40:43', '2020-02-04 02:40:43'),
('e7f809149d4236749b5dc0f2b8b8e3e81b5fd5c154316969cbdda70d537c870dc9dde05c99270ab9', 12, 2, NULL, '[]', 0, '2019-01-27 15:27:27', '2019-01-27 15:27:27', '2020-01-27 15:27:27'),
('e8772992e20204c51947b79bce0aa92005b9f5e4cbf09a93feea8148eb6b01b9b5e39d3275cb45b8', 12, 2, NULL, '[]', 0, '2019-01-27 20:32:43', '2019-01-27 20:32:43', '2020-01-27 20:32:43'),
('e928315335f8f63cb7207e6d85e7f5c0fe1ac51f46884b34ed329c581524f1face73cdda9164a441', 12, 2, NULL, '[]', 0, '2019-02-03 22:01:11', '2019-02-03 22:01:11', '2020-02-03 22:01:11'),
('ec224d782cf1da3cbd72cc71a2f02b54ac076052fb473d550666ceb9b4feead269489fd5c06e4acc', 12, 2, NULL, '[]', 0, '2019-01-27 12:50:25', '2019-01-27 12:50:25', '2020-01-27 12:50:25'),
('ec8f24a8e2a65b4d1ab871e286d25ad64b0e042cfafdf05efc3c2a6df1223162951e67e8180391c0', 12, 2, NULL, '[]', 0, '2019-01-27 02:06:41', '2019-01-27 02:06:41', '2020-01-27 02:06:41'),
('ec916c837c8682b766250c85da0ec078f077601c75e80b42cb5946b022e116e12473ca6241eb196e', 12, 2, NULL, '[]', 0, '2019-01-27 13:24:54', '2019-01-27 13:24:54', '2020-01-27 13:24:54'),
('ecbcbc39470fd5b3ce3adf043133926dd4e4715622c7cea841a90ab2b7a7af53c43274c88c8a1f19', 1, 2, NULL, '[]', 0, '2019-01-27 04:49:30', '2019-01-27 04:49:30', '2020-01-27 04:49:30'),
('f071dba9232577f927b99e8e6f3fa4d52f088e2b5eac5cc9481dd72fc1fb3b276230ab909fd9462f', 15, 2, NULL, '[]', 0, '2019-02-04 02:39:05', '2019-02-04 02:39:05', '2020-02-04 02:39:05'),
('f09c2bac242387f6af8bb2900285d7bf1f06ce819950e88b7f26929b823cd9649a55ed4358295ef6', 12, 2, NULL, '[]', 0, '2019-01-27 12:27:26', '2019-01-27 12:27:26', '2020-01-27 12:27:26'),
('f45325185e37f6ef4d7de590321ffd7609c3f2967bc260da20174c16cbfe564e192cb05cdc2b7e70', 12, 2, NULL, '[]', 0, '2019-01-27 04:43:59', '2019-01-27 04:43:59', '2020-01-27 04:43:59'),
('f61c6b698d6b1d0580eb7bf5743190523c80c2dcdfd9dfb9a56d7c0de0204925a9e609bef61541f0', 16, 2, NULL, '[]', 0, '2019-02-04 02:52:22', '2019-02-04 02:52:22', '2020-02-04 02:52:22'),
('fc15ed906a3c7cdf9ec191ec97d94d7fa971e25bc46696e3207e9661c4aada6e0c01cd554e469e01', 1, 2, NULL, '[]', 0, '2019-01-27 13:05:49', '2019-01-27 13:05:49', '2020-01-27 13:05:49'),
('fc7314f79e6f9a0449ddc8aeacbe445d367a1857631b25c12c2af0058dae472e264d118610320e12', 12, 2, NULL, '[]', 0, '2019-01-27 12:36:44', '2019-01-27 12:36:44', '2020-01-27 12:36:44');

-- --------------------------------------------------------

--
-- Table structure for table `oauth_auth_codes`
--

CREATE TABLE `oauth_auth_codes` (
  `id` varchar(100) COLLATE utf8mb4_unicode_ci NOT NULL,
  `user_id` int(11) NOT NULL,
  `client_id` int(10) UNSIGNED NOT NULL,
  `scopes` text COLLATE utf8mb4_unicode_ci,
  `revoked` tinyint(1) NOT NULL,
  `expires_at` datetime DEFAULT NULL
) ENGINE=InnoDB DEFAULT CHARSET=utf8mb4 COLLATE=utf8mb4_unicode_ci;

-- --------------------------------------------------------

--
-- Table structure for table `oauth_clients`
--

CREATE TABLE `oauth_clients` (
  `id` int(10) UNSIGNED NOT NULL,
  `user_id` int(11) DEFAULT NULL,
  `name` varchar(191) COLLATE utf8mb4_unicode_ci NOT NULL,
  `secret` varchar(100) COLLATE utf8mb4_unicode_ci NOT NULL,
  `redirect` text COLLATE utf8mb4_unicode_ci NOT NULL,
  `personal_access_client` tinyint(1) NOT NULL,
  `password_client` tinyint(1) NOT NULL,
  `revoked` tinyint(1) NOT NULL,
  `created_at` timestamp NULL DEFAULT NULL,
  `updated_at` timestamp NULL DEFAULT NULL
) ENGINE=InnoDB DEFAULT CHARSET=utf8mb4 COLLATE=utf8mb4_unicode_ci;

--
-- Dumping data for table `oauth_clients`
--

INSERT INTO `oauth_clients` (`id`, `user_id`, `name`, `secret`, `redirect`, `personal_access_client`, `password_client`, `revoked`, `created_at`, `updated_at`) VALUES
(1, NULL, 'Laravel Personal Access Client', 'PM52VofgaxKh9JSrQGkrt4Oec5izNqC9N0CdTzWu', 'http://localhost', 1, 0, 0, '2019-02-09 00:21:07', '2019-02-09 00:21:07'),
(2, NULL, 'Laravel Password Grant Client', 'na2DSkQgKOTHJwDwyzFVsAPoQa3T4H8U4dMGIgOK', 'http://localhost', 0, 1, 0, '2019-02-09 00:21:07', '2019-02-09 00:21:07');

-- --------------------------------------------------------

--
-- Table structure for table `oauth_personal_access_clients`
--

CREATE TABLE `oauth_personal_access_clients` (
  `id` int(10) UNSIGNED NOT NULL,
  `client_id` int(10) UNSIGNED NOT NULL,
  `created_at` timestamp NULL DEFAULT NULL,
  `updated_at` timestamp NULL DEFAULT NULL
) ENGINE=InnoDB DEFAULT CHARSET=utf8mb4 COLLATE=utf8mb4_unicode_ci;

--
-- Dumping data for table `oauth_personal_access_clients`
--

INSERT INTO `oauth_personal_access_clients` (`id`, `client_id`, `created_at`, `updated_at`) VALUES
(1, 1, '2019-01-15 01:31:11', '2019-01-15 01:31:11'),
(2, 3, '2019-01-27 13:10:19', '2019-01-27 13:10:19'),
(3, 1, '2019-02-09 00:21:07', '2019-02-09 00:21:07');

-- --------------------------------------------------------

--
-- Table structure for table `oauth_refresh_tokens`
--

CREATE TABLE `oauth_refresh_tokens` (
  `id` varchar(100) COLLATE utf8mb4_unicode_ci NOT NULL,
  `access_token_id` varchar(100) COLLATE utf8mb4_unicode_ci NOT NULL,
  `revoked` tinyint(1) NOT NULL,
  `expires_at` datetime DEFAULT NULL
) ENGINE=InnoDB DEFAULT CHARSET=utf8mb4 COLLATE=utf8mb4_unicode_ci;

--
-- Dumping data for table `oauth_refresh_tokens`
--

INSERT INTO `oauth_refresh_tokens` (`id`, `access_token_id`, `revoked`, `expires_at`) VALUES
('06c2066a12bbbc59fb68e10d4f8ccd4aeb9128de23a10e82ce26a98e70f948f2e0dde3f3d129ea51', 'd961261405337cfe365ca4ca10a88a42f43309fcdcb3dcf13b566cd9ebcba7479d67c5fff0619917', 0, '2020-01-27 15:31:35'),
('086c277bd38fb35b83fe28f6fb5720a772583b624fb7ffe6bf469f82dc2ce4f847cfc5121b2e80b2', 'cb3c19efb38e79d15093a05c6e529ce6bcb78956881b46b60cdabc923df6e2e225b69d70ceafc481', 0, '2020-02-04 02:50:31'),
('0c24cc1ebd61e243dd88feaf800ec9fa543021396c88c06450825961c0d668cbdf41088436302438', '27d4dbec4feec9481f0fbd0b29e776d93279fd1923617a9644e42317373c94724f81c98e945ec6b7', 0, '2020-02-03 22:15:19'),
('0d9af5cbdd8ee8c5402c100f2eccc983769d6b23abbb87a4ef5b810ce23e268012cc73be8627ade0', 'b83b86c26fda3d54a8d33e8a5e5fdd5471d11ad087903c8c66e89de6d1f275c9c67451d0b8cf9c1b', 0, '2020-01-27 03:45:18'),
('10c15d7219be8a2c30c12ae77b910124ac883f70893ae5a6c096934beefaa4ff1a719c2727518cd0', 'b05d1f054e0e323190cc1dff8fd238018f8f137fa8a8d3b214f2c8188b82c124c5ad45849e1e117f', 0, '2020-01-27 15:26:12'),
('1219f1488218608066493a322757d11a729593f11a8e15c6c6b29683e6312b59708642805bb659d7', 'c9c5a2ac848a86e85f39195dbe70d86aa46effdafcaf16f8515af596a23da841632e91ad4ad7346b', 0, '2020-01-27 12:47:29'),
('16d9d11e86ed7882b7e68394589cc2dc0ed8b75b6fe574ab9fab3d95a58857fbb38a14b4a6408187', 'fc7314f79e6f9a0449ddc8aeacbe445d367a1857631b25c12c2af0058dae472e264d118610320e12', 0, '2020-01-27 12:36:44'),
('181c50f55e2714149237c752eb558d06e23823df74ba98a0940081e1ffcd54ef1848d3fda0c5b130', 'e928315335f8f63cb7207e6d85e7f5c0fe1ac51f46884b34ed329c581524f1face73cdda9164a441', 0, '2020-02-03 22:01:11'),
('196d82469a7a69366846146bf4cb61726ebe25c929ef4c7061ed1df16cba51eb4560468ea97190d9', 'a2375abbfff07e1e79bf67f148bb3270d13659d4d48a65f01f28f68ce68d786bbfe1f983fcea840a', 0, '2020-01-27 04:10:30'),
('19ef5ffb5202dc020b012b9652ca347f06634f2412fa3c4433db11318f92c2b1dd572145d204dc72', '9b13abe3066e87c6deb96c1b5e8777ca4880baa301ce6d48fa2d2d459427a97b0a7a4ab0a709906a', 0, '2020-01-27 02:34:14'),
('21504ace20fe92856fd3bfe5e7ffb546edab9d1527b0bf7631b0f52337f19b31fb0e4de8080e09f8', '7b766e0ea9bf58bb14417bb03808d8949d89bc7baccb7c63b3725f3c0feab082163f9b93b1f32139', 0, '2020-01-27 03:40:33'),
('22ffd304b2e1cce0aef3ee4a741106c7aa75e385c67a023cdd65186265e99bf2dc1e4fceb8dbb8b5', 'f61c6b698d6b1d0580eb7bf5743190523c80c2dcdfd9dfb9a56d7c0de0204925a9e609bef61541f0', 0, '2020-02-04 02:52:22'),
('23869dbf763c1aaa150d0bd813204ffd18ae18fe20f8caa11eb1113b878206a409d7923c675c4fe1', 'a348a643a0c581b599a6ebb8002f1d645ddd7d41ddcc80945ea14510e85fec1fd50f07bfd12a5800', 0, '2020-01-27 16:35:59'),
('2498f9dd406d955495f17a07ef36be3f05c9b66ee0406fd0f8dbb9dc63bfc4b867055721ec595f4e', '9aeecd5b2cb7290ada2743e83b22187af51a4dc7de74094ca7baa3b75daa55483b18fc4eaafd3a3f', 0, '2020-01-26 21:24:49'),
('27028f922acd330679b13b046377088eef6b97ee351f1239569e4cf008bbfe53b7bb9d02638ced7f', 'be460ec0aa745a726855cb1f01cb812335071c7a29bb7cd5157cce5b5a2834ddf335a29e28116e1d', 0, '2020-01-27 04:15:19'),
('27c83d3326752ef389df179b4e6ae1d6355e516df13ba924bb6567ecbe9fe88b93bc81aef2cd966a', '15c6a3815ed2d8ed008139721c8e3f6bf00f7d688748868ba454693ec856478ceb9e7471e51d2b6b', 0, '2020-01-27 14:55:30'),
('294ff64a55d8c309667815904ccb79229bb2f6df9efc73ce9dcb4f0df9091c7775bdac8299ecedf8', '623aaf8970ccdc6ec3ed78b0dcc0e61f040a866a176b95b3a8d9883ba8b226cc0aea6a23fdf64558', 0, '2020-01-27 12:58:34'),
('2a8d3a90e0baa4a83173daf90aa0f38158fc22428cafae128e2106ad8a6cc290c683f5b685a6d664', '185e864035d82687effa54a5c55b5e0b9e988bf60c716f2a2db51ee6d70a9f966cf1ecbe8cdde72b', 0, '2020-01-27 12:38:02'),
('2b4239bbf3e324f6e9ab8398cbabf14a83047faccb32f05723f325f54684ba5a3e0378d23a13ef51', 'b43e1b12a521ac60d121f11f1fd97e53e56ba84e95edec22378e46396e53d08e9d59849dc669096b', 0, '2020-01-29 22:30:51'),
('31cf43db5de9073f4dbc88a44fbb3c111ac5d4a201cf54de9ae05058ed571683d2f153f7596f2893', '452c8b5f2f4daa7542be064d4e13dcae76c62112a7fb2d3cd14a03944e569298bfd88aedde871d98', 0, '2020-01-27 15:36:38'),
('335afe52d38a17ebc53562fda9a60bfe007263f33f824f3fa19fa8482cb1b6105c38ecb5d782ed27', 'f09c2bac242387f6af8bb2900285d7bf1f06ce819950e88b7f26929b823cd9649a55ed4358295ef6', 0, '2020-01-27 12:27:26'),
('3439e2b009f28f0c47b8b8ce51879dd0597790691298d626f8ecaa54794e8f963423e8ed8034f729', 'a40062d37e1bf72d91c370a17660a33037bb12267de230fbb9fd9c6a40c017fa68d382ccde959da4', 0, '2020-01-27 01:31:11'),
('34a3d0dd7d656638a97e040fff595f5e82de46baea634a98a007281c39defd90c7d2654b73d243a2', 'e51305af6f3315a6a46eccfe5ca75912bc2aeae31b2ee06be2b181b21a1609cecdb74bd29ad32324', 0, '2020-01-27 16:50:40'),
('35a086ebd5122ceae7fffc49d7d5614a2f1fe07eafe9d3107c819b6a1256e1098ecd7e76aacfdce6', '76cf0b2539fa986e3dbcc601fc5ec03bab93a95107aaad9d0871f79550ddb3fc269cfb6ebae0681a', 0, '2020-02-03 22:02:58'),
('368e95959ce457610fda757de1e518b719bced095108c40f8c9198fbd29b4bd2b74afea92e0fb2f7', '7ba6a65672cb023995945ac6dec6d9f21daadf67d7729d9c4ff0f6d27715979811096f8b2e707c97', 0, '2020-01-27 15:32:20'),
('38667b3dee0b7cf3f2ed0f6e449872c0d07553683b9eedcead6c3d484849b0f3d3f3404c22910dd0', '34b66ba312968c1cbe150c39552bcdf102d7cfa1e5ab66ee153e4f03139618eb1781e404b5d8964b', 0, '2020-02-04 09:57:50'),
('39d601c8f9b4dcf07cfb139f3b9117022e14111a97e531baf7112918b592dcfce42306047bdc6f5a', '066608d3ba583e99395dbf631e9188f55bcadf6c7dd5dca0e24801ea655331272fb42c8cbbfdcdeb', 0, '2020-01-27 14:21:06'),
('3a028e72921da9a01055510ceb2523bc6284d9073c4a62f7e90b9a2780e916434459e26a68fae189', '3857361a438c1b4f85fa045785877c2a94e217e9cdc6c475e6d328ac1066e729ece28e855b51cd86', 0, '2020-01-27 13:14:28'),
('3a40d929a608a62031bdd9c4fa4d32d52180ed19dcdb1e58c3b4403d488508a4ab8c5b6396e9de3d', '8d0c5b9531e889b85468ab9584b7ddde54fab2a5ced733e225417e6b4aa055a383f9f47f6bfd04e4', 0, '2020-02-04 03:06:34'),
('3c5d356c0c489ff09bcdbeecd37aece9198f3ef47cda9cc0575ae5a2cf6f8a1757a7c15a52a53382', 'e3e40f92fe76eb591aa2806ef1f18c118cd125b5810a809d3d8e7c805697e2c31ea5704c72de281e', 0, '2020-01-27 02:31:00'),
('40eaf9e33fa2b4bf9f6a822c5f93c37ad2ee063c0af11d92b951b9233f03c04d85b7e107b72d99f3', '4687e816a1dfe5e8e7109fb34753ac304bfc16ac2109d98090de6bc18ebdbdf6556ccac2fa581ca6', 0, '2020-01-27 02:35:09'),
('42567d1ff8fc970cb4c1b49bf202efb3ea2b62191bb19d71fb11fa97fc6e0267a8c04b23ab79d0da', 'd53ba2bde9af336bec8b6df7c016fb3ff2ef4558e17c827b55f1fce84c4c9af8c545bf97279f404e', 0, '2020-01-27 12:52:03'),
('4408f60aaae05253c45bdbc62ed5d7b903325abbf258d7bb8a8c10d3a76bad3ff4ae5ba8fd219243', '29aaf63058cbbaeb14da4f8599ff0d33cc51a2fd632e74daf382332c5b3f1efe492c1ec3a95372a5', 0, '2020-01-27 16:24:17'),
('44b06e4abb6fdb5848d3b8b8ef750204beae2813005962008584295c4bda1a583235aa29f7e3be5c', '8548c5271c3cfd98993c5940e678450178abb5a20e94c10cf23fa43cd3de58a483da85e6bffc24a8', 0, '2020-01-27 12:51:20'),
('452f13861b36ad831a76a11ec16033f71c9aa356882733fb5ce10c926d136af87154fb287e6bf397', '70aace7ee486fac27671e1b127c6e6a894cfa0c122944715dba03b39339627adb8db8c10dc5e6621', 0, '2020-01-27 04:09:15'),
('46814ae37ec33c022c8f5468273bf476eeafa288515a01c1f23d6c774db0d81c1ce3b6fb90805bbb', 'bded0aad035e265fc21604b925254359c2911c4deba80e90bbcb61f347220784ad479eac0c7aa013', 0, '2020-02-03 22:00:51'),
('48586e7064a24aceeab8372cf116dfcc3a708b390fa5c7761aa9bb327f6f6c9be642097580980629', '82dc898785b1b70a97d5d24038603bd19e901425a452f211e0d25fb01afde139a4a99529c15cc0df', 0, '2020-01-27 01:34:54'),
('492e09601e2d18f91da4b6ef0fbcf629628b13d080c77a0b90b16e24ddf42a6d6963e8cf0e2081c4', 'b0a1b070b6a40271ca01ae9202eb343e2be2bb777fd0913de3d4ccc1d8379c5fba5518801a21ed79', 0, '2020-01-27 17:13:36'),
('4ac4134419c69ee1f1cce35b6f9b17311e2ddfe732647c78cdfab2cb053a5842213ad2e518fafad1', 'a568a33de22adc71ebdcc90dfeda849d4024c77c8d0b00ab2feef53ce17e4ecabb9af8905b41f522', 0, '2020-01-27 17:00:18'),
('4d357152f02245ddc4ae1f162f6105adddfb344000f1a76916485ef116ca8a05980b7300f3c4904b', '8502791ab4ea07fae835a0b679a739d33d053891418ff58fe1a3df3120d86ffc88726989dbe6515f', 0, '2020-01-27 01:12:11'),
('4dfa0b6619847d76fd7764ce9055db0a75c651c387a762d43f61b5a4b6fe1fc1c189e71761d85346', '091c3a721ad4728c4694d01de504c6b84f24945243f44f449720523fa5ed8842e8da36e5936ba24f', 0, '2020-01-27 02:12:36'),
('4e5ffced02d2c571d55361fe4c175627691265a4148d9c08b671b491b0a1d301c1b24f5ff2bdb852', 'e8772992e20204c51947b79bce0aa92005b9f5e4cbf09a93feea8148eb6b01b9b5e39d3275cb45b8', 0, '2020-01-27 20:32:43'),
('52525abb248b9adfc44e75e2f9c3116cdc332182376c0d09fa985fff9812808f3d5f0b7491a6493e', '32f5716b47bb1f41d7b67b31a6765ff248aa1f34681dd2295256cd46d6c9a94dfc1441c06fad0f7f', 0, '2020-01-27 17:05:59'),
('55755c79497b5a069edd048ecc64ea36df0641f02cc3812f00b2a25ec66df3e7e7a12594fd168db8', '54e4d9000520fa24399e07c9690df10b0356c694aa880917526f501552f5bb75a0723baa6f9cf418', 0, '2020-01-27 02:26:42'),
('593f5317547eb4a76d5e15e1aa494785bc924d6348a2169f2f9904de6bf52f6fb8b40ed507e0dca7', 'a2754274aed7b4ea935347a656fbe2dfc5e8c100a983cff0cd0fae3ebfb70e1989a54d285411502f', 0, '2020-01-27 02:04:53'),
('5c12d2d82dd16c9e2dcf74eb17300964eb43f58ed6c6ee2a331d9a491ac04e98ee3448c0ae6a1198', 'ec224d782cf1da3cbd72cc71a2f02b54ac076052fb473d550666ceb9b4feead269489fd5c06e4acc', 0, '2020-01-27 12:50:25'),
('5e08ba3d4addec958e8881ecdb0ec40b02c61827ab20bb9537e84649b82330f18dfe256d35233d09', 'b9bac544184b60918d67d04fe0f5cccbcb53c0bc685b6960274fc2eddd30b22d7bc59fe20342dbe1', 0, '2020-01-27 04:46:54'),
('5e9ce0549a60af4a89011803128c3fdc7a44d289f43509e3d83b908860b9a2d5299c5645ca321561', '7a23f092d992ecc31af5856eba0334bc6f0c8f2d220f2abe6b6461c7e78995f9bcb5dd611adaa401', 0, '2020-02-04 02:17:27'),
('5ee874ab03095611a660c1939db47e30a601ef7d70963776b3a1bf18097a064059d6d2dc66b0d4f7', '71ce124bf6e5730e51e3e51b1e3d2b358a7d4daf8094cb5af5a92aa94be586b6c5e3dac88f0d2b42', 0, '2020-01-27 17:09:17'),
('60c24dc0e4ac906cae21c437fdf414c48196ee4b27ccc97134af2ce4f88fbd72ef2096b9b28526c9', '0507792ab5e4c649af5ae44d5985832ef61a78deac6f6d6a936694f5e396d067837c951d15d22a38', 0, '2020-01-27 13:36:33'),
('6365222668f8df2c4d159dd6319733faae0580f311db90259f5621f0f991a923517eb7ebcfef2e39', '9494150a9cdf61d2c9462aeac6e1792be2adabadb20d91e735ac7e6d19f107f1fa1043c552070b1b', 0, '2020-01-27 05:02:53'),
('66ad6c3bc3ee379957e3c316437f27aeac8bc8bb76386fd08429eb679abffa998f6ed2b912fd1abe', '536fd7b86b758b3c22f0ea9a343c155342c37f75a7a9627deef3a3e01a3bdd1f5a76d74c124134cf', 0, '2020-01-27 12:29:49'),
('67d376cd261a1a1d9b2cb0543dd589c09447abf05dac6592538a2056b7dd7fbbeaa1363dacf979da', 'a8f1f6e750dbc3d9e16737468235ec6034edfe31fc5640abe13179cba0fb6458b560df5c5b982dff', 0, '2020-01-27 01:41:55'),
('6a374adb3a2cc69c56134000aad3eab7dc928ee16b8dfa1f0e0e40126f9af18e839c3524255c718b', 'b08c00221617f3953fa23d6298c2074e48b255367131e58945c0dfe894ad5131c3162901b29096bc', 0, '2020-01-27 04:42:08'),
('6af4d1f009208ccc7a3f16d85715b5364ef662b9e6e4429b6d634b2f93aff150fc86700e87fb4cea', 'b6a0231dfa40c1a1ef399507f742fff64711ec68f82b7c7857fa7a0780f993f0d9df4915c3d6de82', 0, '2020-01-27 14:23:47'),
('71c2d84b1fa16527a96b0c421eb3f072d367411731afda2e4b3dcbd6d095d99cac4ac44f805a5eb0', 'be6e5ae527e73538f4ee131c0a3a10ed17e63b95cd5698e416344d8347170ff2f101489e40b1a9ec', 0, '2020-01-27 02:29:45'),
('71f7c70fc9f5e2474193a53a7021adccd05c9ec2bcb9d89169014aff49205154c45c1e4c397ca3ca', '89feafcd41afc96d2e71ba12ec2df5b0a4944aa99880da8ccd4eb2e3cc5bb1724ede71c3cec1efce', 0, '2020-01-27 16:32:29'),
('7a0f8aa38a7383505ab73bdf4e58329c3a0d42e71fff7d5408d251e7abfb2cd4e7f9fb9557aff63a', 'e6182daed9ac699be62012240c39db811941b26794b357d878bc5fcb6e81189db6984d58f0d1cd36', 0, '2020-02-04 02:40:43'),
('7dd3842678747ab3c7793f9416d2d0ebbcb0ab14cdd394e3a2abc34daaebd5467837cc0d787877ed', '59b49fe4b41a50fcf4b833b7a7291d501805be7adc72f99fcb445c90db97106385063cb82df9f410', 0, '2020-01-27 15:43:11'),
('80adb01a8b8174fb657ff4f44b6f24c1c17faaa25e9f6717488557c9e0ae5a9333584bac37473597', '8a094765197330fb10e3a7fb89e10defeaf4c96bf2d35293c15d56329098c1242eb24adfd49cd0ed', 0, '2020-01-27 04:31:44'),
('817d0ca8cd7f8046c44830a10c91b3e3cd7a080223a79786d9c3ebbd723663107ec59b3b5989da51', 'd93150f68e8d34c65924398de9375dbe50413b562e71062425bd9de3b8408d4d67513dd0e6d1f32c', 0, '2020-01-27 14:17:24'),
('84b288ee276f7fab5031849f8d329f43f911c1674f76edfda1e07810dcd87b7747026ff61f3a1d44', 'f45325185e37f6ef4d7de590321ffd7609c3f2967bc260da20174c16cbfe564e192cb05cdc2b7e70', 0, '2020-01-27 04:43:59'),
('84dc8ef0b68a46be1e5c5c593a4b56b20295cdbf8e7831e4fc192db654e28134a2d74fb3b703210b', 'ec916c837c8682b766250c85da0ec078f077601c75e80b42cb5946b022e116e12473ca6241eb196e', 0, '2020-01-27 13:24:54'),
('8588d3e66088954ec11ac3b7cc82b8d4f9309b63d178de5ae5066ab106cce3ca23c48d387528dc69', '4ca4ceaed62f52309acaa38d0bb19ffd539a56f8f3172f36aec2d8eb1c13216e0803f979f1646d18', 0, '2020-01-27 02:08:22'),
('85d9ffbe4adbdf044cdb5df1e5d37a86817daac69177dadc0d43f53a09d4a4766615eb411dc7a400', 'f071dba9232577f927b99e8e6f3fa4d52f088e2b5eac5cc9481dd72fc1fb3b276230ab909fd9462f', 0, '2020-02-04 02:39:05'),
('8a653c9760c405597ae2444f9ce355f25e9537e0b3d268a1dee4ea8ca05680a2961ed417a500cf68', '29b36819e1fb5866144b85c15a24dfd57f2e89df31d250dd5f57366e08f94b36a58179ea28a2eba8', 0, '2020-01-27 15:24:50'),
('8d5aebae19bff99219cbc5f57a7f304b62caca69bab0472a30b4aa0abaa3c0d41dd1e6cb443e7446', 'fc15ed906a3c7cdf9ec191ec97d94d7fa971e25bc46696e3207e9661c4aada6e0c01cd554e469e01', 0, '2020-01-27 13:05:49'),
('90887bb61acf847b12c95ec22171364c5c2938bd81bbb2e5501136e9ab80e88b76702c61059cdc7c', 'e3e68b33636cc12f7d2f1f4b55d0e19a1ba2bb18e4b893ac836dcfdee4c1127f3747f768a77531a1', 0, '2020-01-27 05:00:15'),
('949a375548e87996454069a7dbe6fa13a8f403ae65b55f703a008c8f99c8c3e96cc630a5ef32988c', '373506a425049f8c934f4b41f385f940af19ac14877857159f6f1f290c7cd78b0634291104648d7f', 0, '2020-01-27 01:50:26'),
('94c2f2c86d990e4af9ceb9c1954b81ddbcffd22c4826ef4034e254dbba87fe5ce9edfa9ff5e49681', 'ce31931c9cbf78e49799de4398825763cc44b84e378185d29f2f6592e4f9588fcf28a6ffc7a43b12', 0, '2020-01-27 12:49:03'),
('9aa7997181a700d89320eb4efa41cddf1e546f5873cd1731e04a0d6e57b5c12dad4d263b45b2d393', '12d5a93ed6f7cee9df1f867f2b4afcda4c60b8e2542242a5fec88824cc1e1f7c6043c5933b9796aa', 0, '2020-01-27 04:05:24'),
('9b239ac9a24b3f19d5a0a6c7d6f7db180db6fa7cb6bf94deb734df5db2bd5c4e0ef5a8f8e02b84b3', '033006a8e188624ed69c4dba685162bd1508ea859519ff1e415dcef0533446ee1112c34677673b2b', 0, '2020-01-27 04:41:28'),
('9cd69773d8394a6b112feb56ba0792b631ca0314870950a15371f9d201d5e817632d89e1c13dbf1a', 'a4f1c39f850dc00c6e7cde5e0e015e7cf2ac024bacb05bd60ee230c1e59d28d6e38dad496a22eb92', 0, '2020-02-03 22:01:24'),
('9d1fccd1ca1e7d497cdd3b52141aa336aeaeb73dea7eb53906ab5644272814d67475e5334789d9b0', '88e8a5999ec27db532dabaa087d99519e362397340fa01994a4d35cc8918669f53941d614a57c54e', 0, '2020-01-30 10:12:48'),
('a431c31c05da148fac13a91662aa11c9e0040f24c8642db6b3aba865f8b3e4072da040e474f87ec1', '211716c7acfda4550a257d0c67d6319b972fd12ad16d32375b4913b1e8c2162abb6a12563130ac05', 0, '2020-01-27 20:26:18'),
('a5abe444d6d5d2b370b356d3c9ecc4a3d8208a34f62d5df7d0d605688b90c328db9c15c8c264078e', '7df25fc82207ee6486d5c31abccc8a4a1644d612ed31e0d5efe05c7475db6fff869e64f6a9f89144', 0, '2020-01-27 02:22:06'),
('a779bf6d4c71f455a8c6261da0d5a390627a7f095d1bf02a48e8f57a5c1ad16503592861ebe3715b', '51ed3512d7c95ecf378700a6b38289262695ddb9f2dbbd382a8178791e77022b4aad65899a61a4be', 0, '2020-01-26 21:14:56'),
('a862d803059ee147e8b28ec1058eecbfa115be40eb2ceae85ce8b53986259320d64f62114643eaf8', '2b81edc6d773c3b9f77e91260eb0ae73c36efe3bc999358367ef4ef419454b95bcc25adae20eac81', 0, '2020-01-27 13:03:55'),
('aa59b86db58e6f0d6b8a9d102e36a3c99aeb1b89b521d0a2bcde55e4d0f03cf6b6b385b8af07936a', '4b51805333d4d1816f3e5119def05cad81c6a1d7da0097149153ae93cd1d65359feefe5cf367efb0', 0, '2020-01-27 04:43:03'),
('b0b80a13f4a77cbb0671db02125f5a8cd984851928ad491d6c79678dfd1cbaefebf78ac5824782b6', 'dbf0b067f06e45aea5057b7b4eae2484500aa513adb1d430647629e1e234848915a122635d79caa5', 0, '2020-01-27 13:13:18'),
('b4fc2248a5a368119b7b87b6617a1943d57dae5a289cf09c38d4172c07e5e015d6d8ec3199722973', '52041aca35424932ddfe5ff7db4d3fe798b6be8a7fe5f4137a410a69cadd12031324145f8b00b9e5', 0, '2020-01-27 04:32:46'),
('b6936bc870851821607d0d9e7f81d262d2dec11014dc41c1d76aee212c6db326276250c8df53735c', '243cbd34b5a1e2c49a277003454601b2b460a1449ad35a7302ad95692ec0a8ccce1895de9d2a698d', 0, '2020-01-27 15:47:23'),
('b9baf6aee8f33faaa8cf8d390fd817c3867edc5e841b9c6c557825b8931a041e633549d433665abf', '9b41f092cd03e072260da5bd46f8225d05efecd7a253bb72b977dd633febd8bee8ca78ad01f695a3', 0, '2020-01-27 13:17:43'),
('ba17d39a6ce9224eb4ee4dfe0a4a8d0d43ab8323d41de58c9005476b7701a84d426cfa52e29bcf55', '19d92bbe40673786f7ee9bfb2da03b7d3dcb9ddb8ca244e4c3d09222f36653e39b2ddbbb3ca33dbe', 0, '2020-01-27 04:45:51'),
('bbd2d79d16fbf45fccaaf1cf1d2c8d898c4dfc560cea44b8448b61e097457cc4a1c978c2ce6b1503', 'e3539f7a0d62cc2782d036e60be884b51cfd8a74c63c9862c5d6bd594e36fc5119796b695fbf9af8', 0, '2020-01-27 02:21:24'),
('bfca1070c831d14f34fe7aeb9caf89f38aaae84d13cf48590a2076c43c8e4327d2be8b7df06c17d4', '8deba6c1208da63e0ffe5df61fd81c8788964ca7dda3358e69f34e2530f691a86a73ed67cbfd8940', 0, '2020-01-27 02:09:20'),
('c11ab5e1ecb4df8030c00778606085d9b794e46a3bb5999eca79d03a856de2dbc7af70e9b5f0c74f', '1f63b0bd01106b61bac78b70aed2e5b33f3c5768163eb206e4694f270af1b909593d29ee0fef9cc4', 0, '2020-01-27 12:35:25'),
('c12a3d92a5ab1df5291f320e2b451570d17204dfdef883b529b7a49e351b7396be9e6527a46d2d5b', 'b49f50a9c39f67968654a94b468ddaf280a6c37cb0fab59e036461d81a7684509f819d31493bf7e5', 0, '2020-01-27 12:25:52'),
('c67134358695f50c2bfb570767fb209fbfc4eb73f93e5aec1235fbf1ff99eb65cd5ae0875142d73f', '5b3975225b72c29facdb42fcd068d99d9e12471a53913a1ef5e4a1ad6d37e066a772efb916bd7822', 0, '2020-01-27 20:13:21'),
('c9bd7f25c5b790a62fee8c417b5bfb5381d9a20ab2501fc86d97a98046af488c6d5d76ff0a1e5532', '8fd0f5116c2f7bf364f71c5e326b9eb4320699c65c911d1522efe21034ef1c110c26a00aa2d61480', 0, '2020-01-27 02:27:57'),
('ca022349cbbfe105c8c44b379675e57ca6c476f4ccbbbabc8e066b2e0407a6e77dc95695221afe93', 'd5ff1e53183463dd927b918c8df199a766b901cb9f54fe5b876833aae31d4e9711f615f589203067', 0, '2020-02-04 02:12:51'),
('d425b5065bbcf7df30c25d8124f439cba5a196afca39a7c0a1a45f0dae12059bdce2831a05d912ca', '07c6bc6443faef15f0d75cb44ee27d213bf05a7e494fa9f48e18eb54825e9beb1e1d7334c16f3d46', 0, '2020-01-27 17:11:49'),
('d488fa18a37a50af265cdf8699bd514740427e61b513411a6f36e7fcb445cd1a514e319c357377c1', 'a4efd4c243fe5dcff90a735a15400e7d529a6a79cde8214caa449ee42d7ecd8a664e8cd20607c167', 0, '2020-01-27 02:11:09'),
('d6ed693d2aff7759fd7f1d40a116298bd7d3e00ba81d7a0bf9def70f2d5d4d790d658462eddf5ab7', '170aeabc111b9aa050692629e614b83c15d3f89d40c8906edaf762c90e736667e481716ec77ca90f', 0, '2020-01-27 15:58:52'),
('d7057d2ee906e3e84bbba8a33af60ef0f49f7a838deed4370e8f3cb2a65174e38f63e2508303b858', '39bc0630a1137f2dd985823c3052efa0500bde1fd5096e662359e0a2e6ef14ce368d8e13ba0d6558', 0, '2020-01-27 04:12:29'),
('d9ce100946e32215b2de0be991c3da147690fbb792557867f1d25cd3db7ef3217357d3348c91b20e', '4e501b1774810312e2435bf1e92595e4d9251962cfa6e6fea32f6fa7dcbe2626250a797b53353af9', 0, '2020-01-27 17:31:10'),
('dadb25cd635c93fc67cfa8860efbc655aaaa1a507d0b8a976f6c43b09cf5b6112d791f478aee507b', 'ecbcbc39470fd5b3ce3adf043133926dd4e4715622c7cea841a90ab2b7a7af53c43274c88c8a1f19', 0, '2020-01-27 04:49:30'),
('df6bd23494a6825680763966306c1e09fc08d8870af98c127820031f8124bb920e03ccfbe364cfbd', '17cf3fad2f604baa350c0695cb0daecb18a00a6b57b76934d70b7152d66f913a0db10db1d345e3c8', 0, '2020-01-27 12:28:26'),
('e247ac9b24e575655b5c1a57dbe747077fd8cf94136e730b50fe3b4f8f322060c13d0a52c64ae11f', '5b9ea90cd158d690c48761aaf0ccebe513fd3850979fa4b76cb70bc752bcd7f3eeb856f1729d8fa2', 0, '2020-01-27 15:03:59'),
('e29d45aed3940e85192422cb9dfc2403bfaac66633f1405d668a760b17fcadfe58915b7aff04e347', '28b53a26d37b3157ff523ed093cec850ef83d466c920046979945af132208083d714ff55c3fb1868', 0, '2020-01-27 14:56:54'),
('e4f0aa0a45a369392ffb2c84eaa7d99c6ff601dea6b43f9f32dbce2d5ddf336701258b9f98f0fd80', '2a7742fd2c087ee27b79c33ffd3618613667e95517dd84f414cdf97de427c869efd6e4268ef3c822', 0, '2020-01-27 15:30:44'),
('e533f90d6414026d2bca3851c861337923c1be46629aafbe5337535e78ae67c5d16da89d888a03f3', 'aedd121be614e8f4649c6982a8a415b5089c38a5490bf6a9fafdfd01d1951741c5cf410fc5b16ea2', 0, '2019-01-27 20:29:43'),
('e535b74bff53c0202acfb666d98dd3b7703bc384bcaade431e1d28ec585af32589c409d6ef0f1ae5', '0e0f1aa10d3b571d7737f8463f8fc11039b2ff18f7ffcd33c0c9f290c3d5547bd9e94944c2b03a09', 0, '2020-01-30 09:56:16'),
('f0842c7868ccbf87996081ef2a77261103e0dd8a7e8843970534e17b438ada375f014696c9a33a5a', 'd313765ddee62b4eca576c3ed83bbbc53669cc21d95781c403e84100c87c5466c78bf9cd63c084fd', 0, '2020-01-27 12:53:57'),
('f4edaa4962428c8899f793ebf7a15d0be2f9d1ba9bfc62f764fdf2b8d0b084eea4d478f07e49d8ba', 'a050f9b58438de1332030122b244fcb0b031321903deec8d54e934efb4f8f35a0004ee834357d4f8', 0, '2020-01-27 04:42:41'),
('f515a30688cfd17ef10a3be30ac431e3a9ba2b4b87c3a04def961f68c699bc947d9e8afd05a62c09', '2b61b91a38d54d2ca11c95d0d6b4acd80882db8bcf1520b3bfa7b44d1bdda3c36d832b27c47db485', 0, '2020-01-27 12:55:52'),
('f56253b12e89895c32f3e06638ba0cf235e0337b6c1ed56739862f97a44225f996c839029f7ffc45', '29165daddca4ba010d54839bd208d0b67b91d3f9f61eb42b9e703620d256e00298762d32a4ac8977', 0, '2020-02-04 02:37:48'),
('f753c3607be1c2d4bed836b64ed5816ca5c5410ebff99ff8ae4aeb3fa4980089539f4d5e6c0d408a', 'cfad7022901257a6284b9f420c7929b63a647b2f6a6abe3063f2157af005fa42b58e519c9098cc4b', 0, '2020-01-27 04:02:42'),
('f807d8cf00b7ffc7dfc6a52d89d63c7f996c6d8a83af49302f46e53ed3e29b327a16462e6aa8f410', 'e7f809149d4236749b5dc0f2b8b8e3e81b5fd5c154316969cbdda70d537c870dc9dde05c99270ab9', 0, '2020-01-27 15:27:27'),
('f81f25ffb135eca1706eb2ff8c3d9d8d1090a7d617cd3f73eeb48d72472689b63d5b71ad1b697041', 'cfa9a6ee9b262ee15048ff6fc2ad56994987072ea62bc4d8107fe7d8bbfd2f34002ebbf281d8aa35', 0, '2020-01-27 19:48:51'),
('f86e3259df8923bf4775d1ea13a02b0d7e1ec7e0107bd4a96a71de5615485b2e195f9cdd4eaef472', 'ec8f24a8e2a65b4d1ab871e286d25ad64b0e042cfafdf05efc3c2a6df1223162951e67e8180391c0', 0, '2020-01-27 02:06:41'),
('fa2b9e4e18e16bcd3dd9cb5ede24031fc1ea4a4aea2180a72784ec2c19e692ea818171a907bebd04', '0ced30b46bcc103e502888049f1c9f89cb9ddba2822327508f8856d319deca786e8129b78959b2a9', 0, '2020-02-04 03:07:45'),
('fca12934ab50426a610a58a03d10e6b5fa22ddf657abcc0895638f245f31440c57d04e1220ed0b43', 'd0aa7ddf29a94d6c54ebad1bc1179678c1b67784ba1aab9043675fa9f01121b917e035e614e45dd1', 0, '2020-01-27 19:45:40');

-- --------------------------------------------------------

--
-- Table structure for table `password_resets`
--

CREATE TABLE `password_resets` (
  `email` varchar(191) COLLATE utf8mb4_unicode_ci NOT NULL,
  `token` varchar(191) COLLATE utf8mb4_unicode_ci NOT NULL,
  `created_at` timestamp NULL DEFAULT NULL
) ENGINE=InnoDB DEFAULT CHARSET=utf8mb4 COLLATE=utf8mb4_unicode_ci;

-- --------------------------------------------------------

--
-- Table structure for table `services`
--

CREATE TABLE `services` (
  `id` int(10) NOT NULL,
  `name` varchar(200) NOT NULL,
  `code` varchar(200) DEFAULT NULL,
  `price` double DEFAULT NULL,
  `created_at` datetime NOT NULL,
  `updated_at` datetime NOT NULL,
  `created_by` int(10) NOT NULL,
  `updated_by` int(10) DEFAULT NULL,
  `deleted` tinyint(4) NOT NULL DEFAULT '0',
  `deleted_by` int(10) DEFAULT NULL,
  `deleted_time` datetime DEFAULT NULL
) ENGINE=InnoDB DEFAULT CHARSET=latin1;

--
-- Dumping data for table `services`
--

INSERT INTO `services` (`id`, `name`, `code`, `price`, `created_at`, `updated_at`, `created_by`, `updated_by`, `deleted`, `deleted_by`, `deleted_time`) VALUES
(1, 'Engine Oil Changement', NULL, 1.54, '2019-02-10 12:42:15', '2019-02-10 13:31:13', 1, 1, 0, NULL, NULL),
(2, 'Oil Filter Replacement', NULL, 45, '2019-02-10 13:03:38', '2019-02-10 16:04:19', 1, 1, 0, NULL, NULL),
(3, 'Air Filter Replacement', NULL, 19, '2019-02-10 13:05:09', '2019-02-10 16:04:27', 1, 1, 0, NULL, NULL),
(4, 'Fuel Filter Replacement', NULL, NULL, '2019-02-10 13:06:12', '2019-02-10 13:22:27', 1, NULL, 1, 1, '2019-02-10 13:22:27'),
(5, 'Cabin Filter Replacement', NULL, 25, '2019-02-10 14:20:44', '2019-02-10 16:12:39', 1, 1, 0, NULL, NULL),
(6, 'Spark plugs replacement', NULL, 55, '2019-02-10 18:48:45', '2019-02-10 18:48:45', 19, NULL, 0, NULL, NULL),
(7, 'Refill brake fluid/clutch fluid', NULL, 49, '2019-02-11 12:11:08', '2019-02-11 12:11:08', 1, NULL, 0, NULL, NULL),
(8, 'Brake Pads/Liners Check', NULL, 52, '2019-02-11 12:12:19', '2019-02-11 12:12:19', 1, NULL, 0, NULL, NULL),
(9, 'Brake Discs/Drums Check', NULL, 33, '2019-02-11 12:12:41', '2019-02-11 12:12:41', 1, NULL, 0, NULL, NULL),
(10, 'Power steering fluid refill', NULL, 87, '2019-02-11 12:13:08', '2019-02-11 12:13:08', 1, NULL, 0, NULL, NULL),
(11, 'Automatic/Manual Transmission Fluid Refill', NULL, 29, '2019-02-11 12:13:38', '2019-02-11 12:13:38', 1, NULL, 0, NULL, NULL),
(12, 'Grease and lubricate components', NULL, 15, '2019-02-11 12:13:53', '2019-02-11 12:13:53', 1, NULL, 0, NULL, NULL),
(13, 'Timing belt or timing chain Replacement', NULL, 57, '2019-02-11 12:14:25', '2019-02-11 12:14:25', 1, NULL, 0, NULL, NULL),
(14, 'Tyre conditions Check', NULL, 5, '2019-02-11 12:14:49', '2019-02-11 12:14:49', 1, NULL, 0, NULL, NULL);

-- --------------------------------------------------------

--
-- Table structure for table `users`
--

CREATE TABLE `users` (
  `id` int(10) UNSIGNED NOT NULL,
  `name` varchar(191) COLLATE utf8mb4_unicode_ci NOT NULL,
  `username` varchar(100) COLLATE utf8mb4_unicode_ci NOT NULL,
  `email` varchar(191) COLLATE utf8mb4_unicode_ci NOT NULL,
  `email_verified_at` timestamp NULL DEFAULT NULL,
  `type` varchar(191) COLLATE utf8mb4_unicode_ci NOT NULL DEFAULT 'user',
  `password` varchar(191) COLLATE utf8mb4_unicode_ci NOT NULL,
  `bio` mediumtext COLLATE utf8mb4_unicode_ci,
  `photo` varchar(191) COLLATE utf8mb4_unicode_ci DEFAULT 'profile.png',
  `deleted` tinyint(2) NOT NULL DEFAULT '0',
  `remember_token` varchar(100) COLLATE utf8mb4_unicode_ci DEFAULT NULL,
  `created_at` timestamp NULL DEFAULT NULL,
  `updated_at` timestamp NULL DEFAULT NULL
) ENGINE=InnoDB DEFAULT CHARSET=utf8mb4 COLLATE=utf8mb4_unicode_ci;

--
-- Dumping data for table `users`
--

INSERT INTO `users` (`id`, `name`, `username`, `email`, `email_verified_at`, `type`, `password`, `bio`, `photo`, `deleted`, `remember_token`, `created_at`, `updated_at`) VALUES
(1, 'Frederick Maclean', 'macleash90', 'macleash90@gmail.com', NULL, 'admin', '$2y$10$JAcMl7diZZBfhX8ZuC.5yOweL1xa7bn1xD.UkUyn4Wph0YeAJcMKe', NULL, '1547581735.jpeg', 0, 'GGS8Nn6paY2hFdxi9MFEDAi5ngacx6YsVHHJkSErS0BaYWjhddBCgqdVkMRm', '2019-01-14 11:27:23', '2019-07-07 21:19:31'),
(2, 'Jon Snow', '', 'jonsnow@gmail.com', NULL, 'admin', '$2y$10$uXwLz8puCgYe96GTu1BSnu49MfBr88BLX5ytJ0X0IyY8UyMfSfXI.', NULL, 'profile.png', 0, NULL, '2019-01-14 14:32:31', '2019-07-07 21:19:31'),
(3, 'Jane Bull Updated Again', '', 'janebull@gmail.com', NULL, 'admin', '$2y$10$OyMsDaMt0ZfYb.P/MRBNUO7AZN3Ef.4r2wFES87WEqCBh0dravPeW', 'About John', 'profile.png', 0, NULL, '2019-01-14 14:40:09', '2019-07-07 21:19:32'),
(4, 'Sweet Alert', '', 'sweet@gmail.com', NULL, 'admin', '$2y$10$PdttE7t.eOxRGNp2CWd9UecohAs/E/.xWC8krHuuk2RFbhPigrvDe', NULL, 'profile.png', 0, NULL, '2019-01-14 17:13:05', '2019-07-07 21:19:32'),
(5, 'Progress Bars Updated', '', 'progress@mail.com', NULL, 'admin', '$2y$10$LFVbIpnXzveywEdXjCMvQea0jkIWaQX5Dud.1/qdqx95DisVoSWoK', NULL, 'profile.png', 0, NULL, '2019-01-14 17:18:13', '2019-07-07 21:19:32'),
(6, 'Sweet Two', '', 'sweet2@gmail.com', NULL, 'admin', '$2y$10$4tRqAjdTv4AxknisbciMte9sXC10iCxwJoEPCPneCKTjygZBiUDbG', NULL, 'profile.png', 1, NULL, '2019-01-14 17:20:11', '2019-07-07 21:19:33'),
(7, 'News-Gh updated', '', 'abc@gmail.com', NULL, 'admin', '$2y$10$6dxEQGYt0sQu7MRGKCCmC.5uFJwUwxDAk7vM7lxu95J8loo3cEixW', NULL, 'profile.png', 0, NULL, '2019-01-14 17:29:47', '2019-07-07 21:19:33'),
(8, 'Fire Event', '', 'fire@gmail.com', NULL, 'admin', '$2y$10$KWz4g4FH2tM1mY0a8YxIi.bjDAjew5sX0UyaCnPFuU6Ym150fmKPC', 'How', 'profile.png', 0, NULL, '2019-01-14 18:10:06', '2019-07-07 21:19:34'),
(9, 'Fire Second Event', '', 'event@gmail.com', NULL, 'admin', '$2y$10$yGV53nFLFXfBQAs4Q/fJr.Ehj44qLT5PuGGldehi0Mx3XtBbCLqWO', NULL, 'profile.png', 0, NULL, '2019-01-14 18:12:36', '2019-07-07 21:19:35'),
(10, 'Fire Third Event', '', 'third@gmail.com', NULL, 'admin', '$2y$10$JmDpx3FtfEFdMrTdrM/tduuHreK2gK8otLnxmpl2FZcX8dzr.CLo2', NULL, 'profile.png', 1, NULL, '2019-01-14 18:13:32', '2019-07-07 21:19:35'),
(11, 'Promises', '', 'promises@gmail.com', NULL, 'admin', '$2y$10$KzP1FSmIWW2sF14ytOVsNOORix1wQQsdCzPhJJx2qBJMxmfXERe7G', NULL, 'profile.png', 0, NULL, '2019-01-14 18:29:23', '2019-07-07 21:19:36'),
(12, 'Christy Maclean', 'chaymaclean', 'chaymaclean@gmail.com', NULL, '1', '$2y$10$yF.rfaV09OmlipqTfOkDFOpY9fS9n/bBulSNFyuxvNxSHEx6A07T.', NULL, 'profile.png', 0, NULL, '2019-01-26 20:26:58', '2019-07-07 21:19:37'),
(13, 'S', 'stephen', 'stephen@gmail.com', NULL, '1', '$2y$10$qnjqtOSIRa998JnJzwmw4u57ShO7mn9YovMrbvUwCL/KnKaz.830y', NULL, 'profile.png', 1, NULL, '2019-01-29 22:30:15', '2019-07-07 21:19:37'),
(14, 'Phone Check', 'phone', 'phone@gmail.com', NULL, '1', '$2y$10$fe.bkmRd1/nXHdOT4gpQ4uuQynSrgXv/.TgANebtMz/gQebII3LkG', NULL, 'profile.png', 0, NULL, '2019-02-04 02:17:11', '2019-07-07 21:19:37'),
(15, 'HP PC', 'hp', 'hp@gmail.com', NULL, '1', '$2y$10$Eg1743HAbiXm.CB4NZiIUu35YgGJJ7Yh9.op.GCzhfev2YK.d51.q', NULL, 'profile.png', 0, NULL, '2019-02-04 02:38:42', '2019-07-07 21:19:38'),
(16, 'New phone', 'new', 'new@gmail.com', NULL, '1', '$2y$10$gs3ZEbcwoPAGKh.1EFRIQ.P7UZOA9lWqz.HXibiLX3zmWbP8CD8x6', NULL, 'profile.png', 0, NULL, '2019-02-04 02:51:46', '2019-07-07 21:19:39'),
(17, 'Android Yam', 'android', 'android@gmail.com', NULL, '1', '$2y$10$ogVj5uTPmL.qJAf9heYDN.KOOMx39mpns94fkzI6V8X4HX6PMVCMq', NULL, 'profile.png', 0, NULL, '2019-02-04 03:05:49', '2019-07-07 21:19:39'),
(18, 'Frederick Maclean', 'fred', 'fred@gmail.com', NULL, 'user', '$2y$10$x.DkaV4m6aSJJug3yOnSyuoSNGrCOyOiS9MpevcvXlGxmytnK1f0u', NULL, 'profile.png', 0, 'fae08IDh3sYaF7PthePnfLx1qrFseppwYh8SNu3nOHd4PBEgngrUd29q90JD', '2019-02-09 09:30:43', '2019-07-07 21:19:40'),
(19, 'Antwi Derrick', 'GEOWANY', 'antwiderek@rocketmail.com', NULL, 'admin', '$2y$10$9odSMbvBt5g71dUCYm.7kunCxWvIOXSkfg2iD7Y52EGhlFtHYIXWC', NULL, '1549706462.jpeg', 0, NULL, '2019-02-09 09:57:01', '2019-07-07 21:19:40');

-- --------------------------------------------------------

--
-- Table structure for table `user_types`
--

CREATE TABLE `user_types` (
  `id` int(10) NOT NULL,
  `name` varchar(255) NOT NULL,
  `created_at` datetime DEFAULT NULL,
  `updated_at` datetime DEFAULT NULL
) ENGINE=InnoDB DEFAULT CHARSET=latin1;

--
-- Dumping data for table `user_types`
--

INSERT INTO `user_types` (`id`, `name`, `created_at`, `updated_at`) VALUES
(1, 'Director', '2019-01-26 10:36:36', '2019-01-26 10:36:36');

--
-- Indexes for dumped tables
--

--
-- Indexes for table `arrivals`
--
ALTER TABLE `arrivals`
  ADD PRIMARY KEY (`id`);

--
-- Indexes for table `arrival_services`
--
ALTER TABLE `arrival_services`
  ADD PRIMARY KEY (`id`);

--
-- Indexes for table `car_brands`
--
ALTER TABLE `car_brands`
  ADD PRIMARY KEY (`id`);

--
-- Indexes for table `car_models`
--
ALTER TABLE `car_models`
  ADD PRIMARY KEY (`id`);

--
-- Indexes for table `customers`
--
ALTER TABLE `customers`
  ADD PRIMARY KEY (`id`);

--
-- Indexes for table `migrations`
--
ALTER TABLE `migrations`
  ADD PRIMARY KEY (`id`);

--
-- Indexes for table `oauth_access_tokens`
--
ALTER TABLE `oauth_access_tokens`
  ADD PRIMARY KEY (`id`),
  ADD KEY `oauth_access_tokens_user_id_index` (`user_id`);

--
-- Indexes for table `oauth_auth_codes`
--
ALTER TABLE `oauth_auth_codes`
  ADD PRIMARY KEY (`id`);

--
-- Indexes for table `oauth_clients`
--
ALTER TABLE `oauth_clients`
  ADD PRIMARY KEY (`id`),
  ADD KEY `oauth_clients_user_id_index` (`user_id`);

--
-- Indexes for table `oauth_personal_access_clients`
--
ALTER TABLE `oauth_personal_access_clients`
  ADD PRIMARY KEY (`id`),
  ADD KEY `oauth_personal_access_clients_client_id_index` (`client_id`);

--
-- Indexes for table `oauth_refresh_tokens`
--
ALTER TABLE `oauth_refresh_tokens`
  ADD PRIMARY KEY (`id`),
  ADD KEY `oauth_refresh_tokens_access_token_id_index` (`access_token_id`);

--
-- Indexes for table `password_resets`
--
ALTER TABLE `password_resets`
  ADD KEY `password_resets_email_index` (`email`);

--
-- Indexes for table `services`
--
ALTER TABLE `services`
  ADD PRIMARY KEY (`id`);

--
-- Indexes for table `users`
--
ALTER TABLE `users`
  ADD PRIMARY KEY (`id`),
  ADD UNIQUE KEY `users_email_unique` (`email`);

--
-- Indexes for table `user_types`
--
ALTER TABLE `user_types`
  ADD PRIMARY KEY (`id`);

--
-- AUTO_INCREMENT for dumped tables
--

--
-- AUTO_INCREMENT for table `arrivals`
--
ALTER TABLE `arrivals`
  MODIFY `id` int(11) NOT NULL AUTO_INCREMENT, AUTO_INCREMENT=6;

--
-- AUTO_INCREMENT for table `arrival_services`
--
ALTER TABLE `arrival_services`
  MODIFY `id` int(10) NOT NULL AUTO_INCREMENT, AUTO_INCREMENT=15;

--
-- AUTO_INCREMENT for table `car_brands`
--
ALTER TABLE `car_brands`
  MODIFY `id` int(10) NOT NULL AUTO_INCREMENT, AUTO_INCREMENT=72;

--
-- AUTO_INCREMENT for table `car_models`
--
ALTER TABLE `car_models`
  MODIFY `id` int(10) NOT NULL AUTO_INCREMENT, AUTO_INCREMENT=1189;

--
-- AUTO_INCREMENT for table `customers`
--
ALTER TABLE `customers`
  MODIFY `id` int(10) NOT NULL AUTO_INCREMENT, AUTO_INCREMENT=2;

--
-- AUTO_INCREMENT for table `migrations`
--
ALTER TABLE `migrations`
  MODIFY `id` int(10) UNSIGNED NOT NULL AUTO_INCREMENT, AUTO_INCREMENT=8;

--
-- AUTO_INCREMENT for table `oauth_clients`
--
ALTER TABLE `oauth_clients`
  MODIFY `id` int(10) UNSIGNED NOT NULL AUTO_INCREMENT, AUTO_INCREMENT=3;

--
-- AUTO_INCREMENT for table `oauth_personal_access_clients`
--
ALTER TABLE `oauth_personal_access_clients`
  MODIFY `id` int(10) UNSIGNED NOT NULL AUTO_INCREMENT, AUTO_INCREMENT=4;

--
-- AUTO_INCREMENT for table `services`
--
ALTER TABLE `services`
  MODIFY `id` int(10) NOT NULL AUTO_INCREMENT, AUTO_INCREMENT=15;

--
-- AUTO_INCREMENT for table `users`
--
ALTER TABLE `users`
  MODIFY `id` int(10) UNSIGNED NOT NULL AUTO_INCREMENT, AUTO_INCREMENT=20;

--
-- AUTO_INCREMENT for table `user_types`
--
ALTER TABLE `user_types`
  MODIFY `id` int(10) NOT NULL AUTO_INCREMENT, AUTO_INCREMENT=2;
COMMIT;

/*!40101 SET CHARACTER_SET_CLIENT=@OLD_CHARACTER_SET_CLIENT */;
/*!40101 SET CHARACTER_SET_RESULTS=@OLD_CHARACTER_SET_RESULTS */;
/*!40101 SET COLLATION_CONNECTION=@OLD_COLLATION_CONNECTION */;
